일자,종가,대비,등락률,시가,고가,저가,거래량,거래대금,상장시가총액
"2022/06/30","745.44","-16.91","-2.22","762.45","762.45","744.24","910029.0","6318523.0","3.25164482E8"
"2022/06/29","762.35","-7.16","-0.93","759.21","765.79","753.32","819568.0","5970952.0","3.31666597E8"
"2022/06/28","769.51","-1.09","-0.14","770.69","774.80","759.83","978287.0","6455444.0","3.34683635E8"
"2022/06/27","770.60","20.30","2.71","758.00","774.57","754.62","893324.0","6699471.0","3.34545525E8"
"2022/06/24","750.30","35.92","5.03","719.47","750.41","719.47","837119.0","6287370.0","3.3469354E8"
"2022/06/23","714.38","-32.58","-4.36","747.49","751.99","714.38","1260212.0","8862112.0","3.18142287E8"
"2022/06/22","746.96","-31.34","-4.03","783.21","785.23","746.94","1093478.0","8098718.0","3.32276497E8"
"2022/06/21","778.30","8.38","1.09","774.80","782.55","764.69","1032713.0","6923152.0","3.45680333E8"
"2022/06/20","769.92","-28.77","-3.60","804.48","804.89","763.22","989356.0","7253469.0","3.4176195E8"
"2022/06/17","798.69","-3.46","-0.43","787.97","798.85","780.96","972926.0","7637003.0","3.54177657E8"
"2022/06/16","802.15","2.74","0.34","812.95","822.31","800.56","997608.0","7316267.0","3.54964982E8"
"2022/06/15","799.41","-24.17","-2.93","822.27","826.30","795.42","1203160.0","8453536.0","3.53596003E8"
"2022/06/14","823.58","-5.19","-0.63","816.25","826.50","804.38","1269494.0","8533401.0","3.6406022E8"
"2022/06/13","828.77","-41.09","-4.72","852.74","852.74","828.76","1264039.0","8489789.0","3.66175792E8"
"2022/06/10","869.86","-7.32","-0.83","869.10","872.09","865.96","1206284.0","7398896.0","3.83891942E8"
"2022/06/09","877.18","2.23","0.25","873.22","877.18","867.20","1265672.0","7606511.0","3.87105517E8"
"2022/06/08","874.95","1.17","0.13","877.77","880.73","873.61","1336530.0","7241277.0","3.86754987E8"
"2022/06/07","873.78","-17.73","-1.99","889.07","889.09","873.09","1115605.0","7162937.0","3.86405375E8"
"2022/06/03","891.51","0.37","0.04","897.08","899.01","890.20","1199287.0","6980064.0","3.94581901E8"
"2022/06/02","891.14","-2.22","-0.25","890.47","892.98","888.45","1182037.0","6622207.0","3.94538694E8"
"2022/05/31","893.36","6.92","0.78","888.44","893.42","884.11","1316943.0","7322460.0","3.95862739E8"
"2022/05/30","886.44","12.47","1.43","882.17","886.44","881.46","1020992.0","6718335.0","3.94013364E8"
"2022/05/27","873.97","2.54","0.29","881.41","883.36","873.21","1275326.0","7608486.0","3.88509325E8"
"2022/05/26","871.43","-1.26","-0.14","876.19","885.12","868.81","947423.0","7415183.0","3.87316345E8"
"2022/05/25","872.69","7.62","0.88","869.19","877.71","861.92","989300.0","7382597.0","3.880082E8"
"2022/05/24","865.07","-18.52","-2.10","881.55","883.11","865.05","1099072.0","8234351.0","3.84756657E8"
"2022/05/23","883.59","3.71","0.42","883.78","884.39","878.90","1077069.0","8240949.0","3.92992008E8"
"2022/05/20","879.88","16.08","1.86","866.76","880.17","866.76","1076079.0","8204681.0","3.91352319E8"
"2022/05/19","863.80","-7.77","-0.89","853.23","866.61","849.59","1167570.0","8426404.0","3.83985321E8"
"2022/05/18","871.57","5.59","0.65","872.19","876.82","868.28","1061167.0","7629686.0","3.87421014E8"
"2022/05/17","865.98","9.73","1.14","857.28","866.21","856.30","913815.0","5934234.0","3.85619998E8"
"2022/05/16","856.25","3.17","0.37","862.24","866.47","855.45","1010957.0","6320150.0","3.81318247E8"
"2022/05/13","853.08","19.42","2.33","839.52","853.34","839.52","1011783.0","7354715.0","3.79686572E8"
"2022/05/12","833.66","-32.68","-3.77","855.46","857.75","833.24","1065855.0","7245357.0","3.71074971E8"
"2022/05/11","866.34","10.20","1.19","853.73","866.81","852.23","1078453.0","6648178.0","3.85206699E8"
"2022/05/10","856.14","-4.70","-0.55","848.08","858.43","831.59","1268868.0","7626686.0","3.80482533E8"
"2022/05/09","860.84","-23.38","-2.64","880.34","880.78","859.73","1121826.0","6588804.0","3.82539249E8"
"2022/05/06","884.22","-15.84","-1.76","888.54","892.43","883.31","1144210.0","6156156.0","3.92854739E8"
"2022/05/04","900.06","-7.51","-0.83","911.16","911.97","899.34","1359365.0","7237546.0","3.99881871E8"
"2022/05/03","907.57","5.75","0.64","905.05","912.67","905.05","1640456.0","8358975.0","4.02633972E8"
"2022/05/02","901.82","-2.93","-0.32","894.03","903.26","892.54","1227536.0","6791298.0","3.99921905E8"
"2022/04/29","904.75","12.53","1.40","895.64","904.76","894.62","1457806.0","7504237.0","4.01206971E8"
"2022/04/28","892.22","-3.96","-0.44","900.43","902.02","889.30","1551067.0","8940771.0","3.95601328E8"
"2022/04/27","896.18","-14.98","-1.64","898.02","898.02","888.97","1855183.0","9413387.0","3.97285087E8"
"2022/04/26","911.16","11.32","1.26","906.59","913.29","906.59","1631935.0","8624226.0","4.03859902E8"
"2022/04/25","899.84","-22.94","-2.49","909.53","911.53","899.83","1425301.0","8691119.0","3.98487565E8"
"2022/04/22","922.78","-6.90","-0.74","922.77","924.16","916.65","1381524.0","7466490.0","4.0788732E8"
"2022/04/21","929.68","0.75","0.08","930.45","934.26","929.54","1400233.0","8308883.0","4.10430449E8"
"2022/04/20","928.93","-2.63","-0.28","933.29","933.37","927.29","1258909.0","7096616.0","4.09871011E8"
"2022/04/19","931.56","13.33","1.45","922.60","931.56","922.60","1301363.0","7714189.0","4.10912733E8"
"2022/04/18","918.23","-6.21","-0.67","921.69","923.51","917.53","1099288.0","6044292.0","4.05179743E8"
"2022/04/15","924.44","-3.57","-0.38","921.53","925.13","916.91","1296262.0","6606186.0","4.08167668E8"
"2022/04/14","928.01","0.70","0.08","930.69","931.81","925.61","1166368.0","6645179.0","4.09395445E8"
"2022/04/13","927.31","13.49","1.48","915.89","927.33","913.92","1108432.0","6877377.0","4.09147233E8"
"2022/04/12","913.82","-8.01","-0.87","914.28","916.76","905.18","1137435.0","7007752.0","4.0356703E8"
"2022/04/11","921.83","-12.90","-1.38","932.48","934.61","920.75","943672.0","6407701.0","4.06890349E8"
"2022/04/08","934.73","6.78","0.73","931.98","935.68","924.73","906472.0","7220461.0","4.12680661E8"
"2022/04/07","927.95","-15.18","-1.61","936.92","936.92","925.91","1182004.0","8336297.0","4.0971029E8"
"2022/04/06","943.13","-9.34","-0.98","944.27","947.41","939.82","1405795.0","8945968.0","4.16395345E8"
"2022/04/05","952.47","5.15","0.54","950.89","953.06","949.46","1639514.0","8474700.0","4.20359516E8"
"2022/04/04","947.32","6.75","0.72","940.47","947.33","938.45","1089322.0","6757594.0","4.18735952E8"
"2022/04/01","940.57","-3.96","-0.42","940.49","942.22","936.86","1252846.0","8425958.0","4.15795814E8"
"2022/03/31","944.53","5.46","0.58","936.66","944.92","936.20","1424833.0","9307446.0","4.17317125E8"
"2022/03/30","939.07","1.24","0.13","942.08","943.30","936.91","1537107.0","9222847.0","4.15191485E8"
"2022/03/29","937.83","10.72","1.16","932.86","937.83","930.34","1459601.0","1.0371475E7","4.14362928E8"
"2022/03/28","927.11","-7.58","-0.81","934.18","934.18","926.55","1374926.0","9545341.0","4.09535803E8"
"2022/03/25","934.69","2.94","0.32","936.94","937.69","933.09","1568700.0","1.1253888E7","4.12928688E8"
"2022/03/24","931.75","1.18","0.13","926.29","931.87","920.69","1381162.0","1.112384E7","4.11477462E8"
"2022/03/23","930.57","5.90","0.64","929.35","933.27","927.02","1442826.0","1.1241547E7","4.10597405E8"
"2022/03/22","924.67","6.27","0.68","916.70","924.72","914.33","1392364.0","9800674.0","4.07903886E8"
"2022/03/21","918.40","-4.56","-0.49","926.86","926.86","917.93","1333272.0","8416902.0","4.04917201E8"
"2022/03/18","922.96","8.83","0.97","915.29","922.99","912.00","1200427.0","8475000.0","4.06720223E8"
"2022/03/17","914.13","22.33","2.50","903.75","916.22","903.75","1462933.0","9832703.0","4.02564096E8"
"2022/03/16","891.80","20.58","2.36","881.89","891.80","879.68","1347121.0","7779377.0","3.92806697E8"
"2022/03/15","871.22","-1.22","-0.14","870.33","874.73","866.47","1194864.0","7817049.0","3.83588751E8"
"2022/03/14","872.44","-19.27","-2.16","893.18","893.18","870.81","1154158.0","9133399.0","3.84018877E8"
"2022/03/11","891.71","2.63","0.30","888.57","894.99","887.28","1128283.0","7829918.0","3.92472709E8"
"2022/03/10","889.08","18.94","2.18","885.05","892.55","884.98","987431.0","7435469.0","3.91287844E8"
"2022/03/08","870.14","-11.40","-1.29","869.05","881.30","864.69","981992.0","7405891.0","3.8298967E8"
"2022/03/07","881.54","-19.42","-2.16","889.95","889.95","878.45","865671.0","6334514.0","3.87915944E8"
"2022/03/04","900.96","-11.36","-1.25","908.47","909.24","896.84","1000717.0","7348996.0","3.9639781E8"
"2022/03/03","912.32","16.87","1.88","901.28","912.35","899.85","1059670.0","8396536.0","4.01110115E8"
"2022/03/02","895.45","14.38","1.63","880.62","896.80","879.03","1039390.0","6874850.0","3.9334301E8"
"2022/02/28","881.07","8.09","0.93","870.27","881.07","868.91","1071363.0","6936756.0","3.87033876E8"
"2022/02/25","872.98","24.77","2.92","864.72","872.98","863.47","1373455.0","8691598.0","3.8323382E8"
"2022/02/24","848.21","-29.12","-3.32","869.24","870.58","847.86","1678595.0","8953088.0","3.72262707E8"
"2022/02/23","877.33","9.22","1.06","873.32","879.98","870.25","1084257.0","6859833.0","3.84957792E8"
"2022/02/22","868.11","-16.14","-1.83","869.08","878.33","865.23","1103602.0","7066242.0","3.80676182E8"
"2022/02/21","884.25","2.54","0.29","871.23","884.26","865.58","865986.0","5780450.0","3.87158113E8"
"2022/02/18","881.71","7.49","0.86","862.19","882.01","860.81","953405.0","6306614.0","3.85828184E8"
"2022/02/17","874.22","-3.93","-0.45","879.12","890.78","858.78","1171956.0","8927374.0","3.8233331E8"
"2022/02/16","878.15","38.23","4.55","857.54","878.15","857.54","876748.0","7281489.0","3.83988705E8"
"2022/02/15","839.92","-12.87","-1.51","855.62","860.40","837.83","1036347.0","6961354.0","3.67242899E8"
"2022/02/14","852.79","-24.63","-2.81","864.49","867.24","850.28","889899.0","6732108.0","3.72833836E8"
"2022/02/11","877.42","-18.26","-2.04","885.31","889.42","877.28","1025547.0","7707269.0","3.83602822E8"
"2022/02/10","895.68","-14.85","-1.63","914.65","914.92","893.21","858885.0","7714203.0","3.91411062E8"
"2022/02/09","910.53","15.26","1.70","904.07","910.53","900.86","890474.0","6782622.0","3.97834342E8"
"2022/02/08","895.27","-4.13","-0.46","900.70","907.24","887.54","1184930.0","9593501.0","3.91097718E8"
"2022/02/07","899.40","-3.47","-0.38","905.96","905.96","893.91","901975.0","8037458.0","3.92418355E8"
"2022/02/04","902.87","11.27","1.26","888.51","902.87","886.93","1053337.0","9138398.0","3.93766192E8"
"2022/02/03","891.60","18.73","2.15","887.85","898.37","887.02","1079998.0","9307434.0","3.88466616E8"
"2022/01/28","872.87","23.64","2.78","852.57","872.87","835.55","1028108.0","9071938.0","3.80260389E8"
"2022/01/27","849.23","-32.86","-3.73","884.23","885.00","847.34","1174849.0","9037590.0","3.69827744E8"
"2022/01/26","882.09","-7.35","-0.83","892.01","900.38","881.68","1116984.0","8871976.0","3.84058257E8"
"2022/01/25","889.44","-25.96","-2.84","920.95","923.07","883.17","1286528.0","8856272.0","3.87167442E8"
"2022/01/24","915.40","-27.45","-2.91","935.13","935.13","911.02","1038913.0","7938016.0","3.98458758E8"
"2022/01/21","942.85","-15.85","-1.65","950.67","958.38","937.48","1128911.0","7949730.0","4.09743138E8"
"2022/01/20","958.70","24.80","2.66","934.00","958.70","933.97","1043809.0","7188207.0","4.16429842E8"
"2022/01/19","933.90","-10.04","-1.06","935.06","944.81","929.15","1224552.0","7749004.0","4.05062938E8"
"2022/01/18","943.94","-13.96","-1.46","959.98","969.17","942.11","1070286.0","8179885.0","4.09390939E8"
"2022/01/17","957.90","-13.49","-1.39","971.81","971.81","954.82","1111748.0","7852818.0","4.15424862E8"
"2022/01/14","971.39","-11.86","-1.21","971.11","977.69","967.19","1367327.0","9305694.0","4.2169468E8"
"2022/01/13","983.25","-8.08","-0.82","994.55","994.55","981.31","1235146.0","1.0044966E7","4.2672634E8"
"2022/01/12","991.33","21.41","2.21","978.69","991.71","978.69","1158100.0","9981838.0","4.30201006E8"
"2022/01/11","969.92","-10.46","-1.07","982.44","985.13","962.91","1280482.0","9752763.0","4.20951313E8"
"2022/01/10","980.38","-14.78","-1.49","992.49","992.49","976.41","1270478.0","9536208.0","4.25456621E8"
"2022/01/07","995.16","14.86","1.52","986.18","997.02","986.18","1470713.0","9820275.0","4.31724178E8"
"2022/01/06","980.30","-29.32","-2.90","993.60","1003.01","979.83","1461245.0","1.1947623E7","4.24544649E8"
"2022/01/05","1009.62","-22.04","-2.14","1029.12","1029.12","1007.84","1500451.0","1.204785E7","4.36918828E8"
"2022/01/04","1031.66","-6.17","-0.59","1041.07","1041.29","1025.23","1324121.0","1.2139421E7","4.45673977E8"
"2022/01/03","1037.83","3.85","0.37","1038.97","1039.67","1030.57","1054530.0","1.0092578E7","4.4812366E8"
"2021/12/30","1033.98","5.93","0.58","1029.74","1034.87","1021.59","907418.0","1.0102608E7","4.4629703E8"
"2021/12/29","1028.05","0.61","0.06","1028.46","1034.05","1022.73","950937.0","1.1683613E7","4.4346916E8"
"2021/12/28","1027.44","16.08","1.59","1016.29","1027.45","1014.39","1286746.0","1.3243097E7","4.44227877E8"
"2021/12/27","1011.36","3.94","0.39","1008.90","1013.70","1006.87","1151529.0","1.004462E7","4.37280772E8"
"2021/12/24","1007.42","4.11","0.41","1008.05","1010.98","1005.61","1235764.0","1.086644E7","4.3962875E8"
"2021/12/23","1003.31","3.18","0.32","1004.45","1007.42","1001.48","1435843.0","1.1870959E7","4.37820806E8"
"2021/12/22","1000.13","3.53","0.35","1004.10","1005.23","999.05","1182499.0","1.0925724E7","4.36198794E8"
"2021/12/21","996.60","6.09","0.61","994.53","997.30","982.43","1371818.0","1.1768347E7","4.3454927E8"
"2021/12/20","990.51","-10.75","-1.07","1001.17","1004.75","990.51","1009821.0","1.056876E7","4.31776419E8"
"2021/12/17","1001.26","-6.60","-0.65","1001.51","1005.36","995.93","1095248.0","1.033578E7","4.36220015E8"
"2021/12/16","1007.86","4.34","0.43","1013.05","1016.32","1006.90","1336914.0","1.2447275E7","4.3885218E8"
"2021/12/15","1003.52","0.71","0.07","1002.18","1007.44","999.21","1125306.0","1.0406638E7","4.36595791E8"
"2021/12/14","1002.81","-3.15","-0.31","1001.11","1007.73","996.85","1081581.0","1.030404E7","4.36213478E8"
"2021/12/13","1005.96","-5.61","-0.55","1014.27","1014.90","1005.96","1339323.0","1.1497779E7","4.37471423E8"
"2021/12/10","1011.57","-11.30","-1.10","1016.34","1018.42","1010.02","1153421.0","1.1060444E7","4.39846924E8"
"2021/12/09","1022.87","16.83","1.67","1009.29","1022.87","1009.29","1060993.0","1.1094331E7","4.43671152E8"
"2021/12/08","1006.04","9.40","0.94","1006.61","1012.64","1003.92","1065607.0","1.203392E7","4.3647561E8"
"2021/12/07","996.64","4.77","0.48","996.89","999.52","991.07","1017251.0","1.1173734E7","4.32398082E8"
"2021/12/06","991.87","-6.60","-0.66","990.07","994.15","980.87","1060488.0","1.0411793E7","4.30237685E8"
"2021/12/03","998.47","21.04","2.15","981.65","998.49","977.91","1211827.0","1.0563291E7","4.33213611E8"
"2021/12/02","977.43","0.28","0.03","967.34","978.16","961.98","1091537.0","1.2346722E7","4.23999642E8"
"2021/12/01","977.15","11.52","1.19","969.90","977.73","949.86","1079798.0","1.2150973E7","4.2386152E8"
"2021/11/30","965.63","-26.71","-2.69","1003.04","1004.83","960.84","1356752.0","1.5438608E7","4.18808273E8"
"2021/11/29","992.34","-13.55","-1.35","986.64","1002.79","980.26","1347690.0","1.3027893E7","4.29666319E8"
"2021/11/26","1005.89","-9.77","-0.96","1017.90","1021.15","999.40","1239981.0","1.4129245E7","4.35589065E8"
"2021/11/25","1015.66","-4.47","-0.44","1023.41","1025.90","1015.62","1097456.0","1.1633756E7","4.3968092E8"
"2021/11/24","1020.13","6.41","0.63","1015.23","1021.13","1003.19","1023600.0","1.1197105E7","4.42042986E8"
"2021/11/23","1013.72","-18.59","-1.80","1024.33","1029.08","1012.95","1037748.0","1.1656504E7","4.3926536E8"
"2021/11/22","1032.31","-9.61","-0.92","1043.55","1045.36","1023.13","1320324.0","1.4537344E7","4.47133258E8"
"2021/11/19","1041.92","9.15","0.89","1032.07","1042.40","1029.54","1268957.0","1.339752E7","4.50938407E8"
"2021/11/18","1032.77","1.51","0.15","1033.16","1034.51","1018.13","1467430.0","1.49206E7","4.46203604E8"
"2021/11/17","1031.26","-4.20","-0.41","1039.36","1039.36","1028.02","1410241.0","1.6138329E7","4.45377127E8"
"2021/11/16","1035.46","6.43","0.62","1029.35","1035.98","1027.07","995271.0","1.340898E7","4.46578961E8"
"2021/11/15","1029.03","19.96","1.98","1016.35","1029.07","1016.16","932603.0","1.1727311E7","4.44075252E8"
"2021/11/12","1009.07","16.42","1.65","999.29","1009.15","998.14","856018.0","1.1961657E7","4.35405394E8"
"2021/11/11","992.65","4.90","0.50","981.42","994.69","979.68","1108640.0","1.2919702E7","4.27847549E8"
"2021/11/10","987.75","-20.93","-2.07","1006.59","1006.90","983.82","1476503.0","1.4354186E7","4.25780255E8"
"2021/11/09","1008.68","6.18","0.62","1002.51","1010.79","1002.51","1245497.0","1.1659256E7","4.33588444E8"
"2021/11/08","1002.50","1.15","0.11","999.08","1003.18","988.36","1254165.0","1.0375408E7","4.30895728E8"
"2021/11/05","1001.35","-0.08","-0.01","1006.04","1006.04","995.35","1253705.0","1.1271592E7","4.30421532E8"
"2021/11/04","1001.43","-3.57","-0.36","1012.62","1015.72","995.73","1227813.0","1.1418125E7","4.30353455E8"
"2021/11/03","1005.00","-4.44","-0.44","1011.20","1013.68","1003.66","1099572.0","1.0258778E7","4.32055399E8"
"2021/11/02","1009.44","10.87","1.09","1000.96","1012.20","1000.96","1399931.0","1.0826785E7","4.33942487E8"
"2021/11/01","998.57","6.24","0.63","995.56","1001.25","994.28","1173730.0","1.0938623E7","4.29084559E8"
"2021/10/29","992.33","-7.80","-0.78","1004.91","1005.19","991.03","1318559.0","1.0407001E7","4.25205955E8"
"2021/10/28","1000.13","-8.82","-0.87","1008.93","1011.50","999.59","1311944.0","1.1407408E7","4.28184E8"
"2021/10/27","1008.95","-2.81","-0.28","1012.91","1013.17","1006.03","1273225.0","1.1207852E7","4.31939999E8"
"2021/10/26","1011.76","17.45","1.75","1000.32","1011.76","1000.29","1330617.0","9991541.0","4.32990292E8"
"2021/10/25","994.31","-0.76","-0.08","994.75","995.39","986.55","1061836.0","8737161.0","4.25437549E8"
"2021/10/22","995.07","1.37","0.14","992.22","1000.15","989.43","1161758.0","1.0771157E7","4.25781067E8"
"2021/10/21","993.70","-7.92","-0.79","1003.48","1004.61","992.04","1559957.0","1.1817299E7","4.24749091E8"
"2021/10/20","1001.62","-3.73","-0.37","1009.11","1011.55","1001.10","1552193.0","1.1827294E7","4.27826189E8"
"2021/10/19","1005.35","11.49","1.16","997.57","1005.35","997.10","1375184.0","1.2240803E7","4.29310539E8"
"2021/10/18","993.86","3.32","0.34","992.57","997.92","985.14","1188921.0","9740208.0","4.24330515E8"
"2021/10/15","990.54","7.11","0.72","990.24","992.16","981.83","1365015.0","1.1764985E7","4.22904129E8"
"2021/10/14","983.43","29.96","3.14","960.58","983.63","960.52","1191420.0","1.1105866E7","4.19563014E8"
"2021/10/13","953.47","13.32","1.42","939.40","954.63","939.28","1049503.0","9340620.0","4.06746303E8"
"2021/10/12","940.15","-12.96","-1.36","951.12","951.12","936.95","1142384.0","8629241.0","4.01105991E8"
"2021/10/08","953.11","-0.32","-0.03","959.81","961.72","948.02","1339875.0","1.1200343E7","4.06605402E8"
"2021/10/07","953.43","31.07","3.37","932.65","953.48","932.32","1353557.0","1.0685912E7","4.06545806E8"
"2021/10/06","922.36","-33.01","-3.46","962.62","967.67","922.36","1651916.0","1.3277921E7","3.92727529E8"
"2021/10/05","955.37","-27.83","-2.83","974.24","974.24","950.09","1346265.0","1.1661441E7","4.05150028E8"
"2021/10/01","983.20","-20.07","-2.00","998.70","1002.68","982.26","1371271.0","1.1792051E7","4.16951984E8"
"2021/09/30","1003.27","1.81","0.18","1001.92","1010.03","999.58","1290217.0","1.0376953E7","4.25618382E8"
"2021/09/29","1001.46","-11.05","-1.09","994.61","1004.85","989.07","1313134.0","1.0231071E7","4.24692994E8"
"2021/09/28","1012.51","-22.31","-2.16","1034.04","1034.07","1012.51","1396083.0","1.1058077E7","4.28895986E8"
"2021/09/27","1034.82","-2.21","-0.21","1037.21","1039.63","1031.93","1045960.0","9391058.0","4.3803098E8"
"2021/09/24","1037.03","0.77","0.07","1040.43","1045.21","1034.80","1306784.0","1.160904E7","4.3834279E8"
"2021/09/23","1036.26","-9.86","-0.94","1040.38","1043.58","1036.25","968175.0","8944857.0","4.37574971E8"
"2021/09/17","1046.12","6.69","0.64","1040.73","1046.13","1033.69","1160928.0","1.0015698E7","4.4146008E8"
"2021/09/16","1039.43","-3.36","-0.32","1047.85","1048.37","1037.72","1131796.0","9824587.0","4.38749515E8"
"2021/09/15","1042.79","5.05","0.49","1039.57","1044.26","1038.80","1438562.0","1.0981025E7","4.40310242E8"
"2021/09/14","1037.74","11.40","1.11","1029.57","1038.94","1028.40","1157085.0","1.083502E7","4.38236418E8"
"2021/09/13","1026.34","-11.57","-1.11","1036.86","1037.50","1023.98","1261320.0","1.1293322E7","4.33474435E8"
"2021/09/10","1037.91","3.29","0.32","1035.86","1039.73","1026.97","1378379.0","1.1346323E7","4.38788954E8"
"2021/09/09","1034.62","-2.60","-0.25","1033.97","1042.04","1027.64","1414153.0","1.1120049E7","4.36799116E8"
"2021/09/08","1037.22","-17.21","-1.63","1053.46","1053.46","1037.22","1479336.0","1.149032E7","4.37821726E8"
"2021/09/07","1054.43","1.47","0.14","1054.03","1054.76","1049.80","1568516.0","1.1912893E7","4.44754597E8"
"2021/09/06","1052.96","-0.89","-0.08","1056.30","1056.30","1049.27","1331556.0","1.0880614E7","4.44024963E8"
"2021/09/03","1053.85","6.66","0.64","1049.81","1054.53","1047.12","1435361.0","1.2103384E7","4.4409882E8"
"2021/09/02","1047.19","1.21","0.12","1048.15","1048.20","1042.36","1292477.0","1.1427942E7","4.41259857E8"
"2021/09/01","1045.98","7.65","0.74","1038.09","1046.00","1035.09","1145479.0","1.2022604E7","4.40812885E8"
"2021/08/31","1038.33","6.49","0.63","1032.77","1038.33","1026.36","1243474.0","1.3623946E7","4.38022823E8"
"2021/08/30","1031.84","8.33","0.81","1030.65","1035.77","1027.84","1178121.0","1.2200173E7","4.35388316E8"
"2021/08/27","1023.51","3.07","0.30","1017.36","1027.26","1014.10","1298908.0","1.1406685E7","4.31572259E8"
"2021/08/26","1020.44","2.66","0.26","1020.85","1026.26","1015.91","1081654.0","1.118017E7","4.30319914E8"
"2021/08/25","1017.78","4.60","0.45","1017.96","1017.96","1006.98","1225841.0","1.0816492E7","4.29489098E8"
"2021/08/24","1013.18","20.00","2.01","1002.19","1015.09","1000.72","1326077.0","1.2377737E7","4.27039372E8"
"2021/08/23","993.18","25.28","2.61","977.87","996.23","969.48","993511.0","1.0296602E7","4.19217756E8"
"2021/08/20","967.90","-23.25","-2.35","997.02","1000.67","964.02","1266099.0","1.219038E7","4.08591997E8"
"2021/08/19","991.15","-29.93","-2.93","1013.93","1022.77","991.13","1401855.0","1.2148932E7","4.16692695E8"
"2021/08/18","1021.08","10.03","0.99","1006.80","1022.09","999.26","1095405.0","1.174869E7","4.28808323E8"
"2021/08/17","1011.05","-29.73","-2.86","1039.66","1039.66","1009.21","1176479.0","1.2262428E7","4.24665454E8"
"2021/08/13","1040.78","-13.31","-1.26","1054.28","1054.46","1024.48","1372315.0","1.3044592E7","4.36624809E8"
"2021/08/12","1054.09","2.17","0.21","1054.16","1058.41","1052.21","1089522.0","1.2692269E7","4.41879393E8"
"2021/08/11","1051.92","-0.15","-0.01","1050.48","1057.03","1048.70","1308328.0","1.2738079E7","4.40941648E8"
"2021/08/10","1052.07","-7.93","-0.75","1060.90","1060.90","1048.98","1689404.0","1.299834E7","4.39963434E8"
"2021/08/09","1060.00","0.20","0.02","1059.29","1061.78","1054.58","1352834.0","1.3620289E7","4.43085978E8"
"2021/08/06","1059.80","0.26","0.02","1061.32","1062.03","1055.64","1346820.0","1.0222599E7","4.42943363E8"
"2021/08/05","1059.54","11.61","1.11","1050.45","1060.14","1050.32","1374783.0","1.189268E7","4.42746097E8"
"2021/08/04","1047.93","11.82","1.14","1038.96","1047.93","1035.98","1485459.0","1.2036706E7","4.37927097E8"
"2021/08/03","1036.11","-1.69","-0.16","1038.91","1041.76","1029.05","1504475.0","1.1502919E7","4.32870714E8"
"2021/08/02","1037.80","6.66","0.65","1033.17","1038.49","1029.26","1202120.0","9558870.0","4.33576143E8"
"2021/07/30","1031.14","-12.99","-1.24","1044.28","1044.36","1029.19","1339556.0","1.0862104E7","4.31002825E8"
"2021/07/29","1044.13","8.45","0.82","1040.45","1044.79","1039.26","1206054.0","1.0242212E7","4.36016221E8"
"2021/07/28","1035.68","-10.87","-1.04","1043.19","1048.78","1030.04","1421011.0","1.1763085E7","4.3378992E8"
"2021/07/27","1046.55","-1.08","-0.10","1050.87","1053.46","1045.66","1550178.0","1.1787583E7","4.38069645E8"
"2021/07/26","1047.63","-7.87","-0.75","1059.91","1060.21","1045.27","1267943.0","1.1547869E7","4.37943873E8"
"2021/07/23","1055.50","5.25","0.50","1053.01","1059.18","1053.01","1387871.0","1.1489955E7","4.41045046E8"
"2021/07/22","1050.25","8.22","0.79","1046.51","1051.94","1046.51","1623555.0","1.3719638E7","4.38722951E8"
"2021/07/21","1042.03","-1.61","-0.15","1051.73","1051.95","1041.44","1322431.0","1.2054386E7","4.35136916E8"
"2021/07/20","1043.64","-6.19","-0.59","1040.99","1049.20","1036.14","1645090.0","1.3173212E7","4.35763961E8"
"2021/07/19","1049.83","-2.15","-0.20","1049.51","1051.45","1046.90","1404709.0","1.1490892E7","4.38254883E8"
"2021/07/16","1051.98","-2.33","-0.22","1053.85","1053.95","1044.70","1728614.0","1.1962097E7","4.39277851E8"
"2021/07/15","1054.31","9.33","0.89","1046.57","1055.82","1046.57","2057346.0","1.471774E7","4.41302326E8"
"2021/07/14","1044.98","1.67","0.16","1043.50","1045.45","1038.68","1714356.0","1.2921472E7","4.37311499E8"
"2021/07/13","1043.31","8.67","0.84","1035.68","1044.64","1035.68","1706838.0","1.2868947E7","4.3663753E8"
"2021/07/12","1034.64","5.71","0.55","1030.36","1037.01","1030.36","1716579.0","1.0521165E7","4.32781975E8"
"2021/07/09","1028.93","-5.55","-0.54","1031.78","1031.78","1013.91","2188639.0","1.6117024E7","4.30338424E8"
"2021/07/08","1034.48","-12.88","-1.23","1047.96","1049.95","1028.14","1869433.0","1.5076515E7","4.3246266E8"
"2021/07/07","1047.36","2.40","0.23","1045.00","1050.31","1042.42","1692984.0","1.377043E7","4.37764656E8"
"2021/07/06","1044.96","-2.37","-0.23","1047.60","1049.24","1043.51","1964143.0","1.2052441E7","4.36408555E8"
"2021/07/05","1047.33","9.15","0.88","1039.79","1048.16","1039.79","1743061.0","1.387015E7","4.38133555E8"
"2021/07/02","1038.18","2.54","0.25","1036.28","1038.54","1033.94","1685412.0","1.2315436E7","4.34367745E8"
"2021/07/01","1035.64","5.68","0.55","1030.48","1036.47","1028.48","1686830.0","1.1193236E7","4.33343012E8"
"2021/06/30","1029.96","7.44","0.73","1023.74","1030.94","1023.74","2086090.0","1.04246E7","4.30852269E8"
"2021/06/29","1022.52","4.61","0.45","1019.64","1026.83","1019.28","2061942.0","1.1864825E7","4.27689302E8"
"2021/06/28","1017.91","5.78","0.57","1013.47","1018.76","1013.47","1587502.0","9860923.0","4.25676141E8"
"2021/06/25","1012.13","-0.49","-0.05","1013.97","1018.98","1011.31","1340335.0","9845816.0","4.23253943E8"
"2021/06/24","1012.62","-3.84","-0.38","1017.11","1019.35","1010.18","1862769.0","1.2802686E7","4.23111351E8"
"2021/06/23","1016.46","4.90","0.48","1012.78","1020.85","1012.78","1861226.0","1.544003E7","4.2469363E8"
"2021/06/22","1011.56","0.57","0.06","1012.01","1016.70","1008.11","1611178.0","1.1361988E7","4.22123177E8"
"2021/06/21","1010.99","-4.89","-0.48","1014.59","1014.59","1006.83","1506151.0","1.1060016E7","4.21945247E8"
"2021/06/18","1015.88","12.16","1.21","1004.57","1016.33","1004.57","1849423.0","1.1630309E7","4.23922153E8"
"2021/06/17","1003.72","5.23","0.52","998.27","1004.70","994.76","1879605.0","1.0138783E7","4.18787425E8"
"2021/06/16","998.49","1.12","0.11","997.68","1000.43","995.35","1435444.0","8458793.0","4.16454472E8"
"2021/06/15","997.37","-0.04","0.00","998.05","999.53","993.64","1643386.0","9272013.0","4.15922787E8"
"2021/06/14","997.41","6.28","0.63","992.80","998.85","991.93","1410030.0","8648789.0","4.16060123E8"
"2021/06/11","991.13","3.36","0.34","989.39","993.90","989.15","1548048.0","9302576.0","4.13452801E8"
"2021/06/10","987.77","8.98","0.92","979.52","993.08","979.47","1822082.0","1.1158583E7","4.11720369E8"
"2021/06/09","978.79","-7.33","-0.74","986.59","989.15","978.79","1687026.0","1.0707179E7","4.07968255E8"
"2021/06/08","986.12","0.26","0.03","986.43","988.35","982.75","1870820.0","1.0590624E7","4.1101262E8"
"2021/06/07","985.86","-1.72","-0.17","989.16","993.06","982.14","1954563.0","9593189.0","4.10940951E8"
"2021/06/04","987.58","-2.61","-0.26","990.16","990.16","983.02","2145264.0","9881302.0","4.11626502E8"
"2021/06/03","990.19","9.09","0.93","981.52","992.01","981.52","1704638.0","8903653.0","4.12623715E8"
"2021/06/02","981.10","-3.49","-0.35","985.50","986.00","977.74","1608838.0","9639646.0","4.0862697E8"
"2021/06/01","984.59","2.81","0.29","982.25","984.61","979.13","1779135.0","9307165.0","4.1019873E8"
"2021/05/31","981.78","4.32","0.44","979.00","983.41","979.00","1639881.0","9035639.0","4.08938575E8"
"2021/05/28","977.46","3.38","0.35","974.55","979.59","973.76","1577408.0","8791949.0","4.07091957E8"
"2021/05/27","974.08","8.02","0.83","967.01","974.29","960.64","1846140.0","9837962.0","4.05770136E8"
"2021/05/26","966.06","3.99","0.41","962.69","967.49","962.69","1939820.0","9619792.0","4.02405441E8"
"2021/05/25","962.07","13.70","1.44","949.78","963.40","949.78","1681868.0","9513732.0","4.00299188E8"
"2021/05/24","948.37","-17.26","-1.79","965.23","965.23","948.37","1540417.0","9572310.0","3.94522746E8"
"2021/05/21","965.63","-5.50","-0.57","972.30","979.37","965.55","1533585.0","9504922.0","4.01618335E8"
"2021/05/20","971.13","2.03","0.21","968.35","971.62","962.78","1531654.0","8678381.0","4.03740755E8"
"2021/05/18","969.10","6.60","0.69","962.83","969.79","959.98","1422393.0","9981062.0","4.00500532E8"
"2021/05/17","962.50","-4.22","-0.44","968.02","973.35","958.64","1458831.0","1.0130861E7","3.97767112E8"
"2021/05/14","966.72","14.95","1.57","953.91","967.18","953.91","1563429.0","9811854.0","3.98933318E8"
"2021/05/13","951.77","-15.33","-1.59","963.31","965.27","948.04","1445730.0","1.0532692E7","3.92640701E8"
"2021/05/12","967.10","-11.51","-1.18","978.27","979.99","958.57","1973034.0","1.0980021E7","3.98888551E8"
"2021/05/11","978.61","-14.19","-1.43","991.41","991.41","974.10","1413548.0","9057854.0","4.03655765E8"
"2021/05/10","992.80","14.50","1.48","979.38","993.06","979.38","1321822.0","9194819.0","4.09442844E8"
"2021/05/07","978.30","8.31","0.86","970.96","981.04","970.96","1268172.0","8329520.0","4.03331514E8"
"2021/05/06","969.99","2.79","0.29","966.62","971.65","961.16","1144812.0","7410518.0","3.99981477E8"
"2021/05/04","967.20","5.39","0.56","961.32","967.68","944.15","1548789.0","9663136.0","3.98772704E8"
"2021/05/03","961.81","-21.64","-2.20","982.97","986.20","961.30","1463944.0","9138619.0","3.96831734E8"
"2021/04/30","983.45","-7.24","-0.73","991.08","995.74","975.66","1467202.0","9529737.0","4.05736744E8"
"2021/04/29","990.69","-7.58","-0.76","999.01","1004.57","983.73","1931274.0","1.1030439E7","4.08351812E8"
"2021/04/28","998.27","-22.74","-2.23","1021.13","1021.13","995.96","3244383.0","1.3711333E7","4.11061833E8"
"2021/04/27","1021.01","-9.05","-0.88","1030.29","1031.95","1019.81","3413757.0","1.3671001E7","4.19685854E8"
"2021/04/26","1030.06","3.24","0.32","1027.40","1030.60","1025.73","2927455.0","1.356484E7","4.23108001E8"
"2021/04/23","1026.82","1.11","0.11","1024.29","1029.79","1018.87","4099784.0","1.3672671E7","4.21550877E8"
"2021/04/22","1025.71","3.49","0.34","1023.65","1029.80","1023.43","4090170.0","1.3743538E7","4.2294527E8"
"2021/04/21","1022.22","-9.66","-0.94","1031.26","1031.26","1019.59","2887742.0","1.2630919E7","4.20953717E8"
"2021/04/20","1031.88","2.42","0.24","1029.18","1031.90","1025.48","1768976.0","1.154753E7","4.24474315E8"
"2021/04/19","1029.46","7.84","0.77","1022.06","1032.64","1020.58","2005257.0","1.2743223E7","4.23343135E8"
"2021/04/16","1021.62","7.72","0.76","1015.71","1022.36","1014.40","2070394.0","1.2810678E7","4.20677461E8"
"2021/04/15","1013.90","-0.52","-0.05","1014.34","1014.72","1008.80","2618274.0","1.3132194E7","4.17077084E8"
"2021/04/14","1014.42","4.05","0.40","1011.35","1016.06","1009.34","3177260.0","1.3053979E7","4.17153328E8"
"2021/04/13","1010.37","9.72","0.97","1001.00","1010.80","1001.00","3655477.0","1.4516838E7","4.15390067E8"
"2021/04/12","1000.65","11.26","1.14","992.31","1000.78","990.32","1910153.0","1.1840391E7","4.11115361E8"
"2021/04/09","989.39","7.37","0.75","983.40","991.17","983.40","1593415.0","1.1105387E7","4.05099551E8"
"2021/04/08","982.02","8.80","0.90","974.14","982.04","969.53","1909599.0","1.2521104E7","4.01896477E8"
"2021/04/07","973.22","4.59","0.47","969.30","974.11","968.35","2044987.0","1.1616233E7","3.98349531E8"
"2021/04/06","968.63","-1.14","-0.12","971.11","974.14","964.62","2413259.0","1.2537287E7","3.96257629E8"
"2021/04/05","969.77","-0.32","-0.03","971.04","973.57","966.52","1927322.0","1.0929283E7","3.96773129E8"
"2021/04/02","970.09","4.31","0.45","967.56","971.17","966.34","2331145.0","1.2475513E7","3.96697735E8"
"2021/04/01","965.78","9.61","1.01","956.87","965.81","954.93","2007570.0","1.1588752E7","3.94771353E8"
"2021/03/31","956.17","-1.89","-0.20","958.38","961.02","954.17","1854442.0","1.1157684E7","3.8814769E8"
"2021/03/30","958.06","3.96","0.42","954.54","959.88","954.54","2027305.0","1.0898411E7","3.88660278E8"
"2021/03/29","954.10","-2.60","-0.27","956.88","961.73","952.22","2388776.0","1.0283079E7","3.8697742E8"
"2021/03/26","956.70","1.71","0.18","955.68","959.46","951.13","2125125.0","9859025.0","3.88051678E8"
"2021/03/25","954.99","1.17","0.12","953.26","955.24","948.34","1751079.0","1.0640626E7","3.87311921E8"
"2021/03/24","953.82","7.51","0.79","946.23","954.20","939.19","1729386.0","1.0779149E7","3.86868064E8"
"2021/03/23","946.31","-9.07","-0.95","956.10","962.65","945.97","2041534.0","1.0883535E7","3.84442004E8"
"2021/03/22","955.38","3.27","0.34","953.04","957.52","948.77","1777228.0","1.054552E7","3.87718071E8"
"2021/03/19","952.11","2.28","0.24","946.61","953.06","935.27","1664273.0","9633981.0","3.8643377E8"
"2021/03/18","949.83","6.05","0.64","945.11","953.10","945.11","2062910.0","1.1265567E7","3.85169772E8"
"2021/03/17","943.78","3.13","0.33","941.20","943.78","935.11","2756482.0","1.1765127E7","3.82735308E8"
"2021/03/16","940.65","13.75","1.48","928.17","941.00","928.17","3365162.0","1.2772182E7","3.81805864E8"
"2021/03/15","926.90","1.41","0.15","926.04","929.69","921.71","2341585.0","9808562.0","3.74910568E8"
"2021/03/12","925.49","17.48","1.93","910.41","925.90","910.41","2856193.0","1.1371313E7","3.76937995E8"
"2021/03/11","908.01","17.94","2.02","890.97","908.01","890.97","2424907.0","1.0785517E7","3.69291142E8"
"2021/03/10","890.07","-6.29","-0.70","900.19","911.04","890.07","2879346.0","1.0985817E7","3.61305227E8"
"2021/03/09","896.36","-8.41","-0.93","904.04","904.04","877.73","3506190.0","1.2509905E7","3.63976851E8"
"2021/03/08","904.77","-18.71","-2.03","925.19","931.14","904.62","3318912.0","1.1138339E7","3.6727629E8"
"2021/03/05","923.48","-2.72","-0.29","923.32","924.42","907.41","2167990.0","1.1452389E7","3.74836333E8"
"2021/03/04","926.20","-4.60","-0.49","929.09","929.09","916.75","2448987.0","1.1408926E7","3.75878533E8"
"2021/03/03","930.80","7.63","0.83","922.52","930.86","920.07","3392815.0","1.1170634E7","3.77728533E8"
"2021/03/02","923.17","9.23","1.01","919.17","936.61","914.49","2959663.0","1.1890567E7","3.74761729E8"
"2021/02/26","913.94","-22.27","-2.38","930.54","930.54","904.18","2642760.0","1.3748133E7","3.71466543E8"
"2021/02/25","936.21","29.90","3.30","910.15","936.94","910.15","2445198.0","1.3624179E7","3.79987786E8"
"2021/02/24","906.31","-30.29","-3.23","936.80","944.71","906.31","3622292.0","1.5018599E7","3.6756838E8"
"2021/02/23","936.60","-17.69","-1.85","952.23","952.23","934.35","3388332.0","1.4776668E7","3.77978844E8"
"2021/02/22","954.29","-10.82","-1.12","965.55","969.96","953.48","2731249.0","1.3079036E7","3.84951311E8"
"2021/02/19","965.11","-2.31","-0.24","967.65","968.92","944.74","4388461.0","1.4536827E7","3.88856406E8"
"2021/02/18","967.42","-12.35","-1.26","980.01","981.83","967.42","4408951.0","1.6123124E7","3.89666391E8"
"2021/02/17","979.77","2.03","0.21","977.93","979.90","970.55","5067755.0","1.7218004E7","3.94436144E8"
"2021/02/16","977.74","-4.23","-0.43","982.81","987.89","974.30","2985481.0","1.7770236E7","3.93679329E8"
"2021/02/15","981.97","17.66","1.83","965.83","982.78","965.83","3028376.0","1.3372444E7","3.95295972E8"
"2021/02/10","964.31","6.46","0.67","958.45","964.66","951.21","2806752.0","1.0869297E7","3.88165994E8"
"2021/02/09","957.85","-2.93","-0.30","961.31","966.22","957.69","3198992.0","1.1467879E7","3.85254076E8"
"2021/02/08","960.78","-6.64","-0.69","966.94","968.03","956.93","2128326.0","1.1091711E7","3.86388135E8"
"2021/02/05","967.42","2.84","0.29","965.61","970.60","961.26","1988201.0","1.0875952E7","3.88912076E8"
"2021/02/04","964.58","-6.11","-0.63","970.93","970.95","958.05","2164705.0","1.0415049E7","3.87517289E8"
"2021/02/03","970.69","6.88","0.71","965.99","970.85","958.47","1912432.0","1.24246E7","3.8988599E8"
"2021/02/02","963.81","6.89","0.72","958.85","972.35","953.72","1957392.0","1.2015887E7","3.86610425E8"
"2021/02/01","956.92","28.19","3.04","927.92","957.26","918.92","1546510.0","1.0500432E7","3.83852379E8"
"2021/01/29","928.73","-32.50","-3.38","963.58","970.95","918.68","2190877.0","1.4917826E7","3.73691858E8"
"2021/01/28","961.23","-24.69","-2.50","980.70","980.70","957.17","1951603.0","1.3574661E7","3.86191348E8"
"2021/01/27","985.92","-8.08","-0.81","996.42","1000.75","984.37","2857962.0","1.5052425E7","3.95807998E8"
"2021/01/26","994.00","-5.30","-0.53","1000.00","1007.52","989.03","2651486.0","1.66649E7","3.98475655E8"
"2021/01/25","999.30","19.32","1.97","981.05","999.64","981.05","1850119.0","1.3779124E7","4.00496597E8"
"2021/01/22","979.98","-1.42","-0.14","982.20","984.67","975.05","2288183.0","1.5030875E7","3.92789002E8"
"2021/01/21","981.40","3.74","0.38","979.82","984.98","975.62","1995071.0","1.3845534E7","3.91719846E8"
"2021/01/20","977.66","19.91","2.08","959.52","978.88","959.52","2441709.0","1.4524258E7","3.89715588E8"
"2021/01/19","957.75","13.08","1.38","945.33","962.14","936.93","2107756.0","1.3405288E7","3.81601683E8"
"2021/01/18","944.67","-19.77","-2.05","963.18","967.05","940.11","2040501.0","1.3833865E7","3.76489397E8"
"2021/01/15","964.44","-15.85","-1.62","981.72","982.31","963.09","1844766.0","1.4722915E7","3.84165118E8"
"2021/01/14","980.29","1.16","0.12","979.10","980.29","973.63","1736167.0","1.392604E7","3.90258095E8"
"2021/01/13","979.13","5.41","0.56","974.14","982.66","972.10","1635161.0","1.3080342E7","3.89900532E8"
"2021/01/12","973.72","-2.91","-0.30","977.14","982.46","956.72","1741984.0","1.3948877E7","3.87975469E8"
"2021/01/11","976.63","-11.16","-1.13","988.38","993.20","953.36","2201087.0","2.0404861E7","3.88709159E8"
"2021/01/08","987.79","-1.07","-0.11","990.70","995.22","978.12","2557366.0","2.0362397E7","3.93016719E8"
"2021/01/07","988.86","7.47","0.76","983.28","993.91","982.27","2256785.0","1.8205996E7","3.93044712E8"
"2021/01/06","981.39","-4.37","-0.44","987.25","990.88","977.37","1980416.0","1.752168E7","3.90292104E8"
"2021/01/05","985.76","8.14","0.83","976.43","985.76","965.53","1808189.0","1.869245E7","3.91948561E8"
"2021/01/04","977.62","9.20","0.95","968.86","977.62","960.52","1697123.0","1.6878573E7","3.89065995E8"
"2020/12/30","968.42","11.01","1.15","957.38","971.04","955.38","1638729.0","1.6629393E7","3.8558262E8"
"2020/12/29","957.41","30.41","3.28","928.58","957.48","928.58","1510814.0","1.5406656E7","3.81194852E8"
"2020/12/28","927.00","-1.68","-0.18","930.07","937.76","923.96","1642275.0","1.6901675E7","3.70820564E8"
"2020/12/24","928.68","5.51","0.60","924.34","933.39","920.53","1724766.0","1.436907E7","3.71285191E8"
"2020/12/23","923.17","-5.56","-0.60","932.25","938.91","918.44","1924137.0","1.7289386E7","3.6899049E8"
"2020/12/22","928.73","-24.85","-2.61","953.48","953.48","928.51","1856456.0","1.645591E7","3.70417453E8"
"2020/12/21","953.58","6.34","0.67","948.64","954.34","940.98","1926451.0","1.6060513E7","3.7953202E8"
"2020/12/18","947.24","3.20","0.34","945.81","948.59","942.46","2114839.0","1.4532798E7","3.76636182E8"
"2020/12/17","944.04","4.39","0.47","938.88","948.43","938.88","2650706.0","1.6016013E7","3.75215636E8"
"2020/12/16","939.65","8.38","0.90","932.41","941.45","932.41","1998313.0","1.5564363E7","3.73325659E8"
"2020/12/15","931.27","1.73","0.19","930.73","934.30","921.27","2100826.0","1.5788436E7","3.69949156E8"
"2020/12/14","929.54","1.10","0.12","930.78","935.90","924.52","1610592.0","1.4468239E7","3.69095208E8"
"2020/12/11","928.44","6.74","0.73","925.30","929.23","923.39","1913759.0","1.2775711E7","3.68341553E8"
"2020/12/10","921.70","7.89","0.86","913.02","922.13","905.76","2666888.0","1.425274E7","3.65460909E8"
"2020/12/09","913.81","6.97","0.77","908.05","917.21","904.45","2695658.0","1.5615512E7","3.61967965E8"
"2020/12/08","906.84","-20.04","-2.16","927.69","933.14","906.31","2601247.0","1.8790847E7","3.58900482E8"
"2020/12/07","926.88","13.12","1.44","914.15","927.35","910.36","2240527.0","1.5665448E7","3.66928819E8"
"2020/12/04","913.76","6.15","0.68","909.99","914.27","908.24","2167590.0","1.6022525E7","3.61579274E8"
"2020/12/03","907.61","8.27","0.92","901.61","907.72","900.09","2361181.0","1.6430143E7","3.59010282E8"
"2020/12/02","899.34","8.05","0.90","894.94","899.87","891.61","1890607.0","1.3100866E7","3.55729099E8"
"2020/12/01","891.29","5.18","0.58","889.53","892.22","883.24","2133268.0","1.2060674E7","3.52059819E8"
"2020/11/30","886.11","0.55","0.06","890.65","891.53","885.65","1738037.0","1.2153801E7","3.49878362E8"
"2020/11/27","885.56","11.03","1.26","876.37","886.20","875.45","1829517.0","1.2257401E7","3.49517656E8"
"2020/11/26","874.53","9.41","1.09","868.60","875.26","861.05","1917340.0","1.4580991E7","3.44984853E8"
"2020/11/25","865.12","-6.98","-0.80","877.35","878.76","855.28","2494368.0","1.8099463E7","3.40769656E8"
"2020/11/24","872.10","-1.19","-0.14","876.65","876.89","868.89","3185108.0","1.4901986E7","3.43063376E8"
"2020/11/23","873.29","3.11","0.36","872.22","875.26","868.60","2118836.0","1.2853793E7","3.43359671E8"
"2020/11/20","870.18","10.24","1.19","863.07","870.78","861.29","2148982.0","1.3486881E7","3.42172156E8"
"2020/11/19","859.94","8.20","0.96","851.68","860.99","849.72","2249201.0","1.4795415E7","3.37226659E8"
"2020/11/18","851.74","12.27","1.46","842.55","852.27","840.43","2330367.0","1.4023705E7","3.34104732E8"
"2020/11/17","839.47","-7.86","-0.93","846.55","846.55","836.00","1789493.0","1.3642004E7","3.28957752E8"
"2020/11/16","847.33","8.19","0.98","843.49","849.80","841.60","1619880.0","1.0255819E7","3.31576034E8"
"2020/11/13","839.14","-0.94","-0.11","837.28","839.54","826.17","1878626.0","1.1733211E7","3.28357813E8"
"2020/11/12","840.08","0.18","0.02","844.64","846.87","835.95","2068886.0","1.1004804E7","3.28523167E8"
"2020/11/11","839.90","-0.89","-0.11","840.89","842.76","829.53","2281172.0","1.4066237E7","3.28432621E8"
"2020/11/10","840.79","-10.42","-1.22","844.22","844.22","835.27","1815647.0","1.1637052E7","3.29059123E8"
"2020/11/09","851.21","14.43","1.72","845.81","851.21","845.17","1735445.0","9931000.0","3.33140279E8"
"2020/11/06","836.78","-8.02","-0.95","849.18","849.39","832.27","1923199.0","1.303509E7","3.27536568E8"
"2020/11/05","844.80","17.83","2.16","833.37","845.81","831.78","1660810.0","9827780.0","3.3031326E8"
"2020/11/04","826.97","8.51","1.04","826.04","828.89","814.76","1804689.0","1.0836965E7","3.23327675E8"
"2020/11/03","818.46","15.51","1.93","810.01","821.28","810.01","1672274.0","8746155.0","3.20035935E8"
"2020/11/02","802.95","10.30","1.30","796.46","805.92","789.85","1537120.0","6627149.0","3.13355466E8"
"2020/10/30","792.65","-21.28","-2.61","814.16","814.59","791.30","1880463.0","8550017.0","3.09289392E8"
"2020/10/29","813.93","7.73","0.96","791.02","814.16","791.02","1942545.0","8292420.0","3.17270556E8"
"2020/10/28","806.20","22.47","2.87","784.88","806.20","784.88","2049765.0","7888726.0","3.1453256E8"
"2020/10/27","783.73","5.71","0.73","771.84","794.04","766.96","2056534.0","9246701.0","3.05590127E8"
"2020/10/26","778.02","-29.96","-3.71","808.06","808.06","776.70","1634354.0","8397441.0","3.0335065E8"
"2020/10/23","807.98","-4.72","-0.58","817.70","817.70","804.75","1613364.0","8366884.0","3.14966299E8"
"2020/10/22","812.70","-17.97","-2.16","826.71","826.71","812.70","1734932.0","9569521.0","3.1673711E8"
"2020/10/21","830.67","6.02","0.73","827.35","830.95","819.66","1492450.0","8700877.0","3.23449841E8"
"2020/10/20","824.65","2.40","0.29","816.16","825.96","803.24","1664944.0","1.0171863E7","3.20969248E8"
"2020/10/19","822.25","-11.59","-1.39","836.83","838.63","821.50","1701656.0","8516310.0","3.19817488E8"
"2020/10/16","833.84","-10.60","-1.26","845.63","849.20","822.58","2275828.0","1.0675849E7","3.24013185E8"
"2020/10/15","844.44","-17.04","-1.98","861.37","861.37","833.55","2238669.0","1.2500117E7","3.28155187E8"
"2020/10/14","861.48","-10.44","-1.20","873.04","875.02","859.88","2373269.0","1.2910781E7","3.34550904E8"
"2020/10/13","871.92","-1.58","-0.18","878.15","878.15","865.95","2277904.0","1.4295524E7","3.38430535E8"
"2020/10/12","873.50","1.88","0.22","875.25","875.25","868.01","2009373.0","1.1751825E7","3.39021906E8"
"2020/10/08","871.62","1.96","0.23","875.12","875.59","867.63","1994294.0","1.213829E7","3.38661106E8"
"2020/10/07","869.66","7.08","0.82","856.70","869.69","856.66","2013039.0","1.0601102E7","3.37583713E8"
"2020/10/06","862.58","4.19","0.49","863.74","866.67","855.65","1981912.0","1.097234E7","3.34539908E8"
"2020/10/05","858.39","10.24","1.21","848.67","858.82","843.06","1675261.0","9951690.0","3.32735298E8"
"2020/09/29","848.15","12.24","1.46","844.69","848.59","839.68","2084774.0","1.1430772E7","3.28737557E8"
"2020/09/28","835.91","27.63","3.42","820.72","836.15","819.86","1938337.0","1.1134007E7","3.23925943E8"
"2020/09/25","808.28","1.33","0.16","817.95","820.74","799.53","2212037.0","1.3310027E7","3.13297468E8"
"2020/09/24","806.95","-36.50","-4.33","825.74","833.04","804.28","2196878.0","1.5462869E7","3.12855989E8"
"2020/09/23","843.45","0.73","0.09","855.57","856.14","821.89","2246113.0","1.3123005E7","3.26789815E8"
"2020/09/22","842.72","-24.27","-2.80","867.72","867.89","838.13","1973656.0","1.2318664E7","3.2639728E8"
"2020/09/21","866.99","-21.89","-2.46","889.94","892.34","859.40","1965201.0","1.3745296E7","3.35595335E8"
"2020/09/18","888.88","3.70","0.42","889.47","892.39","878.78","1768420.0","1.2674548E7","3.43792635E8"
"2020/09/17","885.18","-11.10","-1.24","897.88","898.43","883.50","2286209.0","1.4316886E7","3.4216565E8"
"2020/09/16","896.28","-3.18","-0.35","901.75","905.56","891.99","2410951.0","1.6004E7","3.46431901E8"
"2020/09/15","899.46","5.29","0.59","898.63","899.64","893.24","2098773.0","1.5836927E7","3.47286395E8"
"2020/09/14","894.17","5.73","0.64","894.38","894.80","886.48","1699498.0","1.3528195E7","3.45578327E8"
"2020/09/11","888.44","4.14","0.47","881.23","888.44","877.58","1994166.0","1.4400432E7","3.43176241E8"
"2020/09/10","884.30","14.83","1.71","881.12","884.30","874.77","1990692.0","1.4651175E7","3.4158668E8"
"2020/09/09","869.47","-8.82","-1.00","864.91","877.67","864.17","2367816.0","1.6431484E7","3.30792229E8"
"2020/09/08","878.29","-0.59","-0.07","884.72","887.01","874.31","2517936.0","1.9644738E7","3.33947636E8"
"2020/09/07","878.88","12.84","1.48","872.03","879.36","864.39","1884732.0","1.6014603E7","3.34262941E8"
"2020/09/04","866.04","-8.09","-0.93","841.37","866.90","841.37","1730687.0","1.4668095E7","3.29352561E8"
"2020/09/03","874.13","7.39","0.85","871.02","874.16","869.84","1763489.0","1.4025989E7","3.32407173E8"
"2020/09/02","866.74","13.37","1.57","859.58","866.87","858.23","1843232.0","1.4343099E7","3.29509234E8"
"2020/09/01","853.37","5.13","0.60","850.58","854.22","847.53","1843910.0","1.2734769E7","3.2437441E8"
"2020/08/31","848.24","6.94","0.82","847.97","852.54","839.63","1890066.0","1.47375E7","3.22427182E8"
"2020/08/28","841.30","4.90","0.59","841.76","850.38","837.86","2111380.0","1.6800923E7","3.19399052E8"
"2020/08/27","836.40","-4.95","-0.59","842.38","842.83","832.74","2951684.0","2.0848705E7","3.17502633E8"
"2020/08/26","841.35","5.04","0.60","838.86","842.48","827.27","2152207.0","1.7370409E7","3.19342491E8"
"2020/08/25","836.31","20.57","2.52","821.53","836.41","820.02","1605321.0","1.4241915E7","3.17479078E8"
"2020/08/24","815.74","19.73","2.48","798.20","815.74","787.93","1521282.0","1.2997623E7","3.09708753E8"
"2020/08/21","796.01","4.87","0.62","801.14","802.70","781.41","1658737.0","1.4078885E7","3.02335895E8"
"2020/08/20","791.14","-27.60","-3.37","816.63","821.11","785.00","1813141.0","1.5393963E7","3.00679365E8"
"2020/08/19","818.74","18.52","2.31","810.86","818.74","805.52","1601781.0","1.4760513E7","3.11308565E8"
"2020/08/18","800.22","-34.81","-4.17","834.55","834.55","794.91","1897401.0","1.5861822E7","3.03852985E8"
"2020/08/14","835.03","-19.74","-2.31","854.71","854.71","831.15","1732238.0","1.3842551E7","3.16140848E8"
"2020/08/13","854.77","9.17","1.08","854.82","862.98","852.15","1811111.0","1.4868748E7","3.23218791E8"
"2020/08/12","845.60","-14.63","-1.70","858.88","858.88","836.58","1674531.0","1.4357658E7","3.16875296E8"
"2020/08/11","860.23","-2.53","-0.29","863.07","863.72","858.00","1532477.0","1.3343016E7","3.22120086E8"
"2020/08/10","862.76","5.13","0.60","859.53","863.80","854.48","1464015.0","1.2625988E7","3.22848852E8"
"2020/08/07","857.63","3.51","0.41","858.30","859.43","849.01","1397200.0","1.4574967E7","3.20507965E8"
"2020/08/06","854.12","6.84","0.81","854.02","855.73","847.90","1498960.0","1.4220424E7","3.18891872E8"
"2020/08/05","847.28","11.93","1.43","837.19","847.38","837.11","1521802.0","1.2744684E7","3.16312311E8"
"2020/08/04","835.35","7.78","0.94","833.28","835.35","830.55","1509117.0","1.3940171E7","3.11492402E8"
"2020/08/03","827.57","12.27","1.50","820.41","827.79","815.15","1522754.0","1.4512981E7","3.08607794E8"
"2020/07/31","815.30","1.11","0.14","817.52","818.70","814.23","1357355.0","1.3058945E7","3.03951763E8"
"2020/07/30","814.19","5.60","0.69","812.83","814.41","808.02","1301898.0","1.3271127E7","3.01637228E8"
"2020/07/29","808.59","0.74","0.09","807.71","809.77","804.29","1181622.0","1.0594913E7","2.99433927E8"
"2020/07/28","807.85","6.62","0.83","807.29","810.97","802.04","1547330.0","1.1968083E7","2.98918047E8"
"2020/07/27","801.23","6.43","0.81","795.19","804.58","795.19","1293549.0","1.0426712E7","2.9639585E8"
"2020/07/24","794.80","-6.89","-0.86","796.08","804.61","788.72","1455338.0","1.2472641E7","2.93589631E8"
"2020/07/23","801.69","6.70","0.84","796.46","803.07","792.27","1384206.0","1.3661425E7","2.95719448E8"
"2020/07/22","794.99","4.41","0.56","790.58","795.32","785.97","1476960.0","1.1376188E7","2.95699183E8"
"2020/07/21","790.58","8.62","1.10","787.30","792.20","785.75","1500351.0","1.0341745E7","2.93847532E8"
"2020/07/20","781.96","-1.26","-0.16","786.25","786.29","776.97","1399221.0","9279615.0","2.9068303E8"
"2020/07/17","783.22","8.15","1.05","776.97","783.32","775.78","1365421.0","8582997.0","2.90874355E8"
"2020/07/16","775.07","-6.22","-0.80","783.24","783.24","769.39","1631138.0","1.115341E7","2.88054483E8"
"2020/07/15","781.29","2.90","0.37","783.14","783.29","775.96","1527811.0","1.1307494E7","2.90382638E8"
"2020/07/14","778.39","-2.80","-0.36","776.19","782.70","775.29","1635619.0","1.2279853E7","2.89138577E8"
"2020/07/13","781.19","8.38","1.08","777.92","781.19","773.08","1395978.0","1.0852689E7","2.89955019E8"
"2020/07/10","772.81","-0.09","-0.01","773.75","775.99","766.51","1332284.0","1.285739E7","2.86443593E8"
"2020/07/09","772.90","6.94","0.91","770.46","774.50","769.31","1465603.0","1.0387778E7","2.86265525E8"
"2020/07/08","765.96","6.80","0.90","761.19","765.96","758.38","1306346.0","1.0447532E7","2.83626667E8"
"2020/07/07","759.16","-0.74","-0.10","763.40","764.46","755.44","1290021.0","1.0083404E7","2.82597936E8"
"2020/07/06","759.90","7.72","1.03","754.74","759.93","750.43","1142168.0","8304841.0","2.82228831E8"
"2020/07/03","752.18","9.63","1.30","746.13","752.22","741.11","1285379.0","1.0147594E7","2.79224714E8"
"2020/07/02","742.55","14.97","2.06","732.94","742.55","732.09","1155544.0","7539547.0","2.75201178E8"
"2020/07/01","727.58","-10.39","-1.41","743.53","744.03","726.36","1184777.0","8563273.0","2.69662311E8"
"2020/06/30","737.97","3.28","0.45","744.54","744.54","731.76","1638598.0","1.0528655E7","2.73285565E8"
"2020/06/29","734.69","-15.89","-2.12","743.88","747.30","732.86","1347220.0","9278719.0","2.7213762E8"
"2020/06/26","750.58","0.22","0.03","758.62","758.62","742.57","1522034.0","1.1787915E7","2.78144001E8"
"2020/06/25","750.36","-9.14","-1.20","749.81","757.23","745.98","1362069.0","1.1212779E7","2.77965658E8"
"2020/06/24","759.50","6.27","0.83","758.15","765.21","755.12","1333491.0","1.1763016E7","2.81450478E8"
"2020/06/23","753.23","1.59","0.21","758.61","761.37","744.26","1584473.0","1.1682637E7","2.79155471E8"
"2020/06/22","751.64","9.61","1.30","742.98","752.98","741.78","1336686.0","1.0511545E7","2.78063201E8"
"2020/06/19","742.03","4.70","0.64","743.35","743.94","732.55","1529200.0","1.2365577E7","2.74440984E8"
"2020/06/18","737.33","1.93","0.26","738.11","743.12","732.92","1243956.0","1.0605932E7","2.72153591E8"
"2020/06/17","735.40","0.02","0.00","731.91","743.11","717.68","1408468.0","1.0425319E7","2.71270294E8"
"2020/06/16","735.38","42.23","6.09","716.60","735.74","714.14","1320202.0","1.0669159E7","2.70837275E8"
"2020/06/15","693.15","-52.91","-7.09","745.60","747.21","693.15","1470733.0","1.2260631E7","2.56105101E8"
"2020/06/12","746.06","-11.00","-1.45","722.91","747.37","722.81","1324400.0","1.17006E7","2.75693171E8"
"2020/06/11","757.06","-1.56","-0.21","760.07","766.96","752.04","1452105.0","1.3508483E7","2.79711253E8"
"2020/06/10","758.62","4.80","0.64","754.30","759.48","752.29","1577272.0","1.2213263E7","2.80250042E8"
"2020/06/09","753.82","0.78","0.10","756.02","756.45","746.56","1532566.0","1.0343146E7","2.78254925E8"
"2020/06/08","753.04","3.73","0.50","754.12","754.32","747.37","1325594.0","9120474.0","2.77963923E8"
"2020/06/05","749.31","6.94","0.93","743.65","749.75","739.52","1125023.0","8656169.0","2.7602741E8"
"2020/06/04","742.37","4.71","0.64","742.87","744.36","733.91","1305965.0","9774409.0","2.73828409E8"
"2020/06/03","737.66","-5.92","-0.80","749.49","750.14","734.63","1482744.0","1.1559146E7","2.72084302E8"
"2020/06/02","743.58","7.86","1.07","737.67","743.70","735.06","1464961.0","1.0733017E7","2.74253648E8"
"2020/06/01","735.72","22.04","3.09","716.96","735.72","716.83","1275400.0","1.032555E7","2.70574394E8"
"2020/05/29","713.68","4.93","0.70","706.16","714.51","700.84","1472679.0","8503015.0","2.62489491E8"
"2020/05/28","708.75","-15.84","-2.19","728.76","728.80","695.30","2097277.0","1.1912398E7","2.60829223E8"
"2020/05/27","724.59","-4.52","-0.62","728.26","730.41","722.04","1571386.0","1.0577662E7","2.66629833E8"
"2020/05/26","729.11","9.22","1.28","723.28","729.16","718.81","1554768.0","1.0344399E7","2.68197172E8"
"2020/05/25","719.89","11.31","1.60","712.88","719.89","708.60","1603666.0","9460186.0","2.64794261E8"
"2020/05/22","708.58","-7.44","-1.04","717.78","719.15","702.50","1696053.0","1.0791249E7","2.60660796E8"
"2020/05/21","716.02","7.26","1.02","714.33","716.72","711.71","1993801.0","1.133686E7","2.63378591E8"
"2020/05/20","708.76","12.40","1.78","697.15","709.16","697.09","2068645.0","1.047584E7","2.60722663E8"
"2020/05/19","696.36","5.51","0.80","696.01","696.39","687.67","1819085.0","1.1873294E7","2.56361306E8"
"2020/05/18","690.85","-1.08","-0.16","695.17","695.90","688.88","1470279.0","1.0497459E7","2.54241536E8"
"2020/05/15","691.93","1.36","0.20","695.80","696.91","686.23","1360015.0","1.2394014E7","2.54601166E8"
"2020/05/14","690.57","-0.96","-0.14","687.92","693.68","684.33","1572689.0","1.3051238E7","2.53699212E8"
"2020/05/13","691.53","7.32","1.07","676.53","691.57","676.24","1510722.0","9717013.0","2.5396909E8"
"2020/05/12","684.21","-0.83","-0.12","687.48","688.37","673.66","1486570.0","1.0034743E7","2.51887582E8"
"2020/05/11","685.04","2.74","0.40","686.81","690.34","676.60","1538942.0","1.04479E7","2.5211682E8"
"2020/05/08","682.30","14.13","2.11","674.01","682.94","673.52","1683945.0","9622021.0","2.51162128E8"
"2020/05/07","668.17","9.77","1.48","659.45","669.03","658.93","1744937.0","8831807.0","2.45929087E8"
"2020/05/06","658.40","16.49","2.57","650.15","658.40","647.52","1506803.0","8491493.0","2.42298857E8"
"2020/05/04","641.91","-3.27","-0.51","637.00","648.57","635.16","1279274.0","6695810.0","2.36245973E8"
"2020/04/29","645.18","0.25","0.04","646.33","648.42","644.06","1686254.0","7967208.0","2.37464993E8"
"2020/04/28","644.93","-1.93","-0.30","649.46","651.39","638.69","1770727.0","8179500.0","2.3732492E8"
"2020/04/27","646.86","13.90","2.20","638.90","647.11","638.58","1718846.0","7697761.0","2.38021426E8"
"2020/04/24","632.96","-10.83","-1.68","640.19","645.22","629.12","1781070.0","8847938.0","2.33087534E8"
"2020/04/23","643.79","8.63","1.36","640.13","645.54","637.33","1659299.0","1.0091678E7","2.36376134E8"
"2020/04/22","635.16","6.39","1.02","618.95","635.31","616.88","1459275.0","9185269.0","2.33065201E8"
"2020/04/21","628.77","-9.05","-1.42","634.76","641.07","602.05","2164008.0","1.2731403E7","2.30989351E8"
"2020/04/20","637.82","3.03","0.48","635.71","643.05","634.20","1571067.0","9532297.0","2.34188826E8"
"2020/04/17","634.79","11.36","1.82","631.34","634.79","628.05","1640017.0","9115282.0","2.33023374E8"
"2020/04/16","623.43","13.14","2.15","606.69","623.59","603.15","1368160.0","8217243.0","2.28844401E8"
"2020/04/14","610.29","13.58","2.28","605.14","611.36","602.05","1600521.0","8357338.0","2.23912578E8"
"2020/04/13","596.71","-14.55","-2.38","609.94","611.06","596.71","2010346.0","1.0096969E7","2.18902486E8"
"2020/04/10","611.26","-4.69","-0.76","617.75","618.08","593.01","2001745.0","1.0153608E7","2.24262546E8"
"2020/04/09","615.95","8.58","1.41","616.67","618.37","610.66","1810580.0","9552048.0","2.258174E8"
"2020/04/08","607.37","0.47","0.08","604.46","615.32","599.30","2362935.0","1.2763686E7","2.2270842E8"
"2020/04/07","606.90","9.69","1.62","606.21","606.90","593.22","2108624.0","1.3276334E7","2.22382948E8"
"2020/04/06","597.21","24.20","4.22","579.25","597.21","577.83","1526020.0","9876607.0","2.18761438E8"
"2020/04/03","573.01","5.31","0.94","571.29","576.27","564.02","1374771.0","9453490.0","2.09882652E8"
"2020/04/02","567.70","15.86","2.87","555.40","567.70","542.75","1680263.0","1.0992105E7","2.07901417E8"
"2020/04/01","551.84","-17.23","-3.03","568.88","579.76","551.30","1897097.0","1.3461989E7","2.02131522E8"
"2020/03/31","569.07","26.96","4.97","551.48","569.07","551.25","1865422.0","1.3672046E7","2.08277587E8"
"2020/03/30","542.11","19.28","3.69","513.13","542.12","511.47","1431987.0","9610628.0","1.98576611E8"
"2020/03/27","522.83","6.22","1.20","535.94","540.04","502.48","1979704.0","1.4845252E7","1.91551905E8"
"2020/03/26","516.61","10.93","2.16","506.51","533.33","501.82","1649356.0","1.1902865E7","1.89294135E8"
"2020/03/25","505.68","25.28","5.26","496.32","506.43","488.98","1441082.0","9686608.0","1.85244161E8"
"2020/03/24","480.40","36.64","8.26","457.21","480.40","454.24","1143642.0","6742315.0","1.7592167E8"
"2020/03/23","443.76","-23.99","-5.13","443.51","455.97","435.81","1086690.0","6163699.0","1.62563927E8"
"2020/03/20","467.75","39.40","9.20","443.88","467.75","435.11","1243150.0","6503974.0","1.71351187E8"
"2020/03/19","428.35","-56.79","-11.71","501.59","502.12","419.55","1646248.0","8575181.0","1.57026546E8"
"2020/03/18","485.14","-29.59","-5.75","520.79","526.10","485.14","1322272.0","7410179.0","1.77738872E8"
"2020/03/17","514.73","10.22","2.03","488.02","518.72","483.51","1367414.0","7993286.0","1.88460557E8"
"2020/03/16","504.51","-19.49","-3.72","538.68","541.87","504.51","1201665.0","7219386.0","1.84690204E8"
"2020/03/13","524.00","-39.49","-7.01","536.62","540.30","487.07","1522369.0","8152013.0","1.91628164E8"
"2020/03/12","563.49","-32.12","-5.39","589.20","594.32","555.47","1639529.0","8049548.0","2.06048862E8"
"2020/03/11","595.61","-24.36","-3.93","621.12","622.07","591.38","1570651.0","8354954.0","2.17679145E8"
"2020/03/10","619.97","5.37","0.87","606.89","619.98","604.51","1431028.0","9633331.0","2.26525539E8"
"2020/03/09","614.60","-28.12","-4.38","631.13","632.52","614.58","1317498.0","8683417.0","2.24592597E8"
"2020/03/06","642.72","-7.47","-1.15","642.33","647.83","637.20","1113502.0","7238872.0","2.34780563E8"
"2020/03/05","650.19","8.46","1.32","647.75","650.81","643.97","1077680.0","6397650.0","2.37065257E8"
"2020/03/04","641.73","14.91","2.38","623.75","641.73","623.55","1097676.0","5659996.0","2.33919308E8"
"2020/03/03","626.82","-0.84","-0.13","641.65","641.77","626.71","1232865.0","6053622.0","2.27876485E8"
"2020/03/02","627.66","16.93","2.77","617.88","627.71","607.32","1186855.0","6153922.0","2.2807391E8"
"2020/02/28","610.73","-27.44","-4.30","626.36","631.25","608.38","1389632.0","8020426.0","2.21971811E8"
"2020/02/27","638.17","-16.46","-2.51","654.61","660.89","634.79","1231803.0","7715985.0","2.31512754E8"
"2020/02/26","654.63","-2.32","-0.35","644.02","658.29","642.98","1137059.0","6137281.0","2.37411188E8"
"2020/02/25","656.95","17.66","2.76","639.28","656.96","633.65","1212527.0","6189111.0","2.38230648E8"
"2020/02/24","639.29","-28.70","-4.30","653.40","656.31","639.22","1476933.0","8178363.0","2.31858846E8"
"2020/02/21","667.99","-13.67","-2.01","673.57","680.28","667.47","1427548.0","8134693.0","2.42180853E8"
"2020/02/20","681.66","-3.12","-0.46","687.65","688.51","677.99","1464809.0","8799126.0","2.46963573E8"
"2020/02/19","684.78","1.86","0.27","686.89","688.11","673.64","1604888.0","7629861.0","2.4796981E8"
"2020/02/18","682.92","-9.67","-1.40","691.42","692.52","681.44","1781024.0","7509560.0","2.47300826E8"
"2020/02/17","692.59","3.68","0.53","690.35","692.64","686.73","1524918.0","6524736.0","2.50776123E8"
"2020/02/14","688.91","1.30","0.19","687.23","692.00","685.67","1499191.0","7351634.0","2.49470581E8"
"2020/02/13","687.61","1.02","0.15","689.54","691.43","681.77","1345100.0","6993822.0","2.49058921E8"
"2020/02/12","686.59","4.25","0.62","683.26","686.79","680.26","1333843.0","6045973.0","2.48735276E8"
"2020/02/11","682.34","6.27","0.93","678.97","682.34","678.43","1167071.0","5516295.0","2.47131855E8"
"2020/02/10","676.07","3.44","0.51","669.53","676.08","668.10","979098.0","4829779.0","2.44756202E8"
"2020/02/07","672.63","-0.06","-0.01","673.11","674.03","667.93","1024735.0","5232692.0","2.4347516E8"
"2020/02/06","672.69","11.37","1.72","665.94","672.69","665.88","946334.0","4609410.0","2.43440171E8"
"2020/02/05","661.32","0.08","0.01","666.74","668.91","658.03","991277.0","5266753.0","2.39361588E8"
"2020/02/04","661.24","14.39","2.22","650.72","661.24","649.22","938255.0","5073960.0","2.39254407E8"
"2020/02/03","646.85","4.37","0.68","631.82","648.34","627.65","1193312.0","6081593.0","2.34039521E8"
"2020/01/31","642.48","-13.91","-2.12","660.98","664.77","641.57","1343602.0","6458897.0","2.32461525E8"
"2020/01/30","656.39","-13.79","-2.06","670.65","673.17","652.42","1213886.0","6228414.0","2.37472764E8"
"2020/01/29","670.18","5.48","0.82","671.08","671.98","664.09","1056865.0","5573600.0","2.42425934E8"
"2020/01/28","664.70","-20.87","-3.04","660.79","668.22","658.78","1161216.0","6991102.0","2.40463052E8"
"2020/01/23","685.57","-2.68","-0.39","685.94","687.71","683.52","957782.0","5009218.0","2.47897515E8"
"2020/01/22","688.25","11.73","1.73","677.05","688.28","677.05","1012723.0","4631043.0","2.48680112E8"
"2020/01/21","676.52","-6.95","-1.02","683.82","685.89","675.48","1032066.0","5569469.0","2.44458962E8"
"2020/01/20","683.47","-4.94","-0.72","690.85","691.17","682.48","1019250.0","5916227.0","2.46894428E8"
"2020/01/17","688.41","1.89","0.28","689.73","690.61","686.68","1028710.0","5544314.0","2.48533214E8"
"2020/01/16","686.52","7.36","1.08","679.67","686.52","679.49","880291.0","5239369.0","2.47712208E8"
"2020/01/15","679.16","0.45","0.07","678.83","681.39","676.91","908209.0","4233510.0","2.45115558E8"
"2020/01/14","678.71","-0.51","-0.08","682.14","685.88","676.78","897262.0","5205779.0","2.4488913E8"
"2020/01/13","679.22","6.19","0.92","673.76","679.22","673.23","894402.0","4843153.0","2.45066838E8"
"2020/01/10","673.03","6.94","1.04","668.79","673.03","665.92","837390.0","4913662.0","2.42702877E8"
"2020/01/09","666.09","25.15","3.92","657.01","666.09","656.25","980619.0","5261766.0","2.40120847E8"
"2020/01/08","640.94","-22.50","-3.39","657.24","658.14","637.43","1379708.0","7034355.0","2.31058476E8"
"2020/01/07","663.44","8.13","1.24","660.87","664.21","659.18","970307.0","5302183.0","2.3916196E8"
"2020/01/06","655.31","-14.62","-2.18","660.08","663.10","653.61","884279.0","4961872.0","2.36177412E8"
"2020/01/03","669.93","-4.09","-0.61","677.57","679.37","668.10","903859.0","5540086.0","2.41357676E8"
"2020/01/02","674.02","4.19","0.63","672.53","674.30","666.62","783731.0","4476505.0","2.42768148E8"
"2019/12/30","669.83","8.59","1.30","662.06","669.83","661.62","789330.0","3799413.0","2.41350997E8"
"2019/12/27","661.24","9.17","1.41","652.60","661.59","652.17","807712.0","4312635.0","2.38198876E8"
"2019/12/26","652.07","13.16","2.06","640.77","652.09","640.20","921878.0","4352932.0","2.35647597E8"
"2019/12/24","638.91","-8.71","-1.34","648.71","648.71","638.74","763092.0","3572406.0","2.3107571E8"
"2019/12/23","647.62","-2.11","-0.32","651.77","652.81","646.68","725862.0","3968732.0","2.34058375E8"
"2019/12/20","649.73","1.88","0.29","650.19","651.20","647.90","944573.0","4198108.0","2.34817288E8"
"2019/12/19","647.85","-1.10","-0.17","650.30","653.65","645.11","808154.0","3734444.0","2.33553668E8"
"2019/12/18","648.95","-1.63","-0.25","650.87","651.71","647.73","882122.0","4328546.0","2.33518136E8"
"2019/12/17","650.58","6.14","0.95","646.80","650.58","646.04","851064.0","4486599.0","2.33969649E8"
"2019/12/16","644.44","0.99","0.15","644.91","646.56","643.24","794175.0","3748612.0","2.31552541E8"
"2019/12/13","643.45","6.51","1.02","643.34","645.73","641.87","913751.0","4290513.0","2.31121253E8"
"2019/12/12","636.94","7.81","1.24","632.29","638.92","631.25","941202.0","4498909.0","2.28754294E8"
"2019/12/11","629.13","2.02","0.32","627.26","630.60","626.57","817888.0","3952346.0","2.25900417E8"
"2019/12/10","627.11","-0.75","-0.12","627.62","627.76","623.54","763025.0","3950678.0","2.25002396E8"
"2019/12/09","627.86","-0.24","-0.04","630.60","630.63","625.59","778730.0","4226426.0","2.25159098E8"
"2019/12/06","628.10","10.50","1.70","619.48","628.11","619.48","726660.0","4098402.0","2.2520955E8"
"2019/12/05","617.60","-7.67","-1.23","629.49","629.60","613.77","901706.0","4682213.0","2.21358412E8"
"2019/12/04","625.27","-4.31","-0.68","626.06","630.45","622.67","928167.0","3828567.0","2.24147876E8"
"2019/12/03","629.58","-4.92","-0.78","630.07","632.01","627.00","868945.0","4117053.0","2.25664364E8"
"2019/12/02","634.50","1.51","0.24","635.58","638.35","632.22","845649.0","3811687.0","2.27301562E8"
"2019/11/29","632.99","-7.19","-1.12","641.72","643.27","631.40","940625.0","4319180.0","2.26930389E8"
"2019/11/28","640.18","-7.21","-1.11","646.27","649.37","640.18","882466.0","4265274.0","2.28908691E8"
"2019/11/27","647.39","-4.20","-0.64","653.74","653.87","646.89","859365.0","5153173.0","2.31384397E8"
"2019/11/26","651.59","4.19","0.65","650.79","653.54","649.78","868850.0","5091667.0","2.32218231E8"
"2019/11/25","647.40","13.48","2.13","639.50","647.41","639.50","826789.0","4086009.0","2.30500424E8"
"2019/11/22","633.92","-2.07","-0.33","637.99","640.77","629.74","1053045.0","5162173.0","2.25644237E8"
"2019/11/21","635.99","-13.88","-2.14","650.56","651.23","634.29","1051934.0","5025590.0","2.26030655E8"
"2019/11/20","649.87","-12.66","-1.91","661.45","663.76","648.82","1289205.0","5928634.0","2.30847032E8"
"2019/11/19","662.53","-6.81","-1.02","669.11","669.24","662.24","1156557.0","5280503.0","2.35179761E8"
"2019/11/18","669.34","0.83","0.12","670.07","671.09","666.82","1086954.0","5401260.0","2.3759119E8"
"2019/11/15","668.51","5.20","0.78","662.87","668.54","660.64","1107075.0","5124025.0","2.37163557E8"
"2019/11/14","663.31","1.46","0.22","663.25","666.05","659.21","1359616.0","5251760.0","2.35158205E8"
"2019/11/13","661.85","-3.29","-0.49","665.37","665.48","659.95","1363966.0","4829469.0","2.34500284E8"
"2019/11/12","665.14","3.77","0.57","662.11","665.86","661.42","1081151.0","4618379.0","2.35619188E8"
"2019/11/11","661.37","-3.23","-0.49","666.13","666.13","658.70","922613.0","4160074.0","2.34286919E8"
"2019/11/08","664.60","-1.55","-0.23","669.34","670.59","662.46","952989.0","4475520.0","2.35295732E8"
"2019/11/07","666.15","-3.53","-0.53","668.73","669.57","663.70","1026100.0","5679533.0","2.35693338E8"
"2019/11/06","669.68","-2.50","-0.37","672.12","673.86","669.25","1091286.0","6061617.0","2.36277254E8"
"2019/11/05","672.18","3.73","0.56","669.47","672.18","666.00","987480.0","6221554.0","2.37194145E8"
"2019/11/04","668.45","6.11","0.92","667.20","669.66","665.63","921194.0","4731446.0","2.35777038E8"
"2019/11/01","662.34","3.82","0.58","658.16","662.34","656.13","820172.0","4734491.0","2.33606028E8"
"2019/10/31","658.52","3.48","0.53","658.45","661.65","656.96","892492.0","5241228.0","2.32231895E8"
"2019/10/30","655.04","-3.26","-0.50","660.60","660.60","654.15","892700.0","5813808.0","2.30810078E8"
"2019/10/29","658.30","5.88","0.90","656.85","658.76","653.83","954716.0","6534641.0","2.31933741E8"
"2019/10/28","652.42","0.05","0.01","655.05","657.29","651.95","933703.0","6476202.0","2.29792981E8"
"2019/10/25","652.37","-6.38","-0.97","657.60","658.77","651.29","1009206.0","7007192.0","2.29730534E8"
"2019/10/24","658.75","-0.23","-0.03","658.53","662.27","647.53","1073220.0","7963560.0","2.3187686E8"
"2019/10/23","658.98","3.07","0.47","656.88","660.38","654.78","1033678.0","6307184.0","2.31862916E8"
"2019/10/22","655.91","6.73","1.04","653.17","660.35","651.10","883771.0","6333997.0","2.30791759E8"
"2019/10/21","649.18","2.49","0.39","646.79","649.18","645.35","767921.0","4694497.0","2.28312444E8"
"2019/10/18","646.69","-2.60","-0.40","651.55","651.97","645.59","866093.0","4760598.0","2.27454259E8"
"2019/10/17","649.29","-2.67","-0.41","653.08","654.67","646.61","1042683.0","5194384.0","2.28674544E8"
"2019/10/16","651.96","5.16","0.80","650.61","652.73","649.88","860253.0","4633300.0","2.29431186E8"
"2019/10/15","646.80","5.34","0.83","641.51","647.40","641.49","737773.0","4121168.0","2.27629917E8"
"2019/10/14","641.46","8.51","1.34","638.65","643.41","637.69","681423.0","4037155.0","2.25736599E8"
"2019/10/11","632.95","-1.78","-0.28","638.22","638.49","632.92","767474.0","4681884.0","2.22444692E8"
"2019/10/10","634.73","-0.68","-0.11","633.96","635.85","630.59","715226.0","4376729.0","2.23036537E8"
"2019/10/08","635.41","8.20","1.31","628.03","635.94","624.92","864369.0","6110522.0","2.23300696E8"
"2019/10/07","627.21","5.37","0.86","625.25","627.82","622.45","753054.0","4811784.0","2.20387804E8"
"2019/10/04","621.84","-2.67","-0.43","623.08","627.15","619.53","792985.0","4033260.0","2.18535336E8"
"2019/10/02","624.51","-7.59","-1.20","627.75","630.62","624.47","1252779.0","4524335.0","2.194658E8"
"2019/10/01","632.10","10.34","1.66","623.70","632.12","621.76","875336.0","4374429.0","2.22117888E8"
"2019/09/30","621.76","-5.17","-0.82","625.69","627.30","615.64","745973.0","3606633.0","2.18426091E8"
"2019/09/27","626.93","-1.49","-0.24","628.41","628.41","623.32","724109.0","3402629.0","2.20226432E8"
"2019/09/26","628.42","1.66","0.26","632.31","635.64","622.55","838493.0","4566644.0","2.20728154E8"
"2019/09/25","626.76","-15.09","-2.35","641.08","641.23","626.02","987731.0","4561734.0","2.20152599E8"
"2019/09/24","641.85","-3.16","-0.49","643.45","646.60","641.17","778008.0","3765461.0","2.25371212E8"
"2019/09/23","645.01","-4.06","-0.63","648.81","649.22","644.39","747644.0","3397867.0","2.26423545E8"
"2019/09/20","649.07","3.36","0.52","647.50","650.03","645.91","844701.0","4340363.0","2.27801893E8"
"2019/09/19","645.71","0.59","0.09","646.83","651.45","643.00","867284.0","4008539.0","2.26266025E8"
"2019/09/18","645.12","0.84","0.13","646.25","648.95","644.32","909109.0","4459121.0","2.26017141E8"
"2019/09/17","644.28","5.69","0.89","637.10","646.05","636.00","823507.0","4139544.0","2.25609051E8"
"2019/09/16","638.59","8.22","1.30","634.67","638.59","630.16","622055.0","3220466.0","2.23602964E8"
"2019/09/11","630.37","7.12","1.14","625.81","632.42","624.78","718202.0","3720939.0","2.2078704E8"
"2019/09/10","623.25","-2.52","-0.40","627.77","628.81","621.95","830373.0","3762025.0","2.18172411E8"
"2019/09/09","625.77","-5.38","-0.85","633.61","634.30","625.28","709696.0","3850358.0","2.19019399E8"
"2019/09/06","631.15","-1.84","-0.29","637.33","637.33","630.60","882307.0","4481748.0","2.20838794E8"
"2019/09/05","632.99","3.68","0.58","633.19","634.96","631.38","948696.0","5023655.0","2.21496777E8"
"2019/09/04","629.31","9.29","1.50","619.61","629.31","619.46","792568.0","3955113.0","2.19361175E8"
"2019/09/03","620.02","0.21","0.03","619.86","623.34","619.28","777380.0","3728694.0","2.16093198E8"
"2019/09/02","619.81","9.26","1.52","609.46","619.90","608.97","683775.0","3577066.0","2.16055268E8"
"2019/08/30","610.55","10.98","1.83","607.14","611.11","606.65","787576.0","3705440.0","2.12772632E8"
"2019/08/29","599.57","-3.33","-0.55","604.19","605.39","595.26","681487.0","3605906.0","2.08866575E8"
"2019/08/28","602.90","14.58","2.48","590.67","602.90","590.36","698491.0","3908017.0","2.09884833E8"
"2019/08/27","588.32","5.41","0.93","592.38","596.43","587.42","651147.0","3241331.0","2.04893443E8"
"2019/08/26","582.91","-26.07","-4.28","594.25","598.08","582.77","711379.0","3917964.0","2.02842694E8"
"2019/08/23","608.98","-3.27","-0.53","606.28","612.63","605.93","706441.0","3806196.0","2.11789012E8"
"2019/08/22","612.25","-3.71","-0.60","618.34","618.73","611.67","850918.0","3931126.0","2.12800969E8"
"2019/08/21","615.96","8.95","1.47","605.83","615.96","604.83","821038.0","3531844.0","2.1380901E8"
"2019/08/20","607.01","12.36","2.08","597.15","607.87","595.62","914620.0","3639424.0","2.10746711E8"
"2019/08/19","594.65","3.08","0.52","596.42","597.59","591.21","706961.0","3393084.0","2.06354181E8"
"2019/08/16","591.57","-5.58","-0.93","590.04","592.82","587.49","684049.0","3767532.0","2.05179215E8"
"2019/08/14","597.15","6.40","1.08","600.35","601.46","596.23","793565.0","4105969.0","2.07100533E8"
"2019/08/13","590.75","-3.42","-0.58","589.71","593.98","588.47","755897.0","3792005.0","2.04835997E8"
"2019/08/12","594.17","4.13","0.70","590.43","594.70","585.07","707419.0","3440960.0","2.06537033E8"
"2019/08/09","590.04","4.60","0.79","590.51","593.28","585.94","690855.0","4157334.0","2.04947491E8"
"2019/08/08","585.44","20.80","3.68","571.59","585.44","571.00","929189.0","4831849.0","2.03396203E8"
"2019/08/07","564.64","13.14","2.38","562.47","567.52","554.18","835978.0","4843613.0","1.95944703E8"
"2019/08/06","551.50","-18.29","-3.21","555.07","577.51","540.83","973682.0","5611505.0","1.91455865E8"
"2019/08/05","569.79","-45.91","-7.46","614.69","615.23","569.78","821183.0","4773106.0","1.97856077E8"
"2019/08/02","615.70","-6.56","-1.05","612.01","622.36","607.01","601247.0","3703941.0","2.1354567E8"
"2019/08/01","622.26","-7.92","-1.26","627.94","634.44","622.25","694238.0","4161132.0","2.15506176E8"
"2019/07/31","630.18","4.54","0.73","625.05","631.43","610.70","770559.0","4228756.0","2.17992287E8"
"2019/07/30","625.64","6.86","1.11","620.33","630.61","620.33","716178.0","3566195.0","2.16345978E8"
"2019/07/29","618.78","-25.81","-4.00","643.34","643.34","618.78","795265.0","3783791.0","2.13640714E8"
"2019/07/26","644.59","-7.81","-1.20","650.30","652.38","640.43","886277.0","3969502.0","2.22533551E8"
"2019/07/25","652.40","-7.43","-1.13","660.30","661.62","647.38","871058.0","4177257.0","2.25066019E8"
"2019/07/24","659.83","-8.82","-1.32","670.31","672.36","659.26","971456.0","4976198.0","2.27291906E8"
"2019/07/23","668.65","-6.13","-0.91","675.84","678.27","666.79","894111.0","4590940.0","2.30134682E8"
"2019/07/22","674.78","0.72","0.11","674.00","675.48","671.44","644965.0","3357187.0","2.32164617E8"
"2019/07/19","674.06","8.91","1.34","668.20","674.06","668.20","756215.0","3949977.0","2.31949932E8"
"2019/07/18","665.15","-1.13","-0.17","665.09","669.47","661.82","837117.0","4258998.0","2.28809067E8"
"2019/07/17","666.28","-8.14","-1.21","673.08","673.34","661.93","901091.0","4235393.0","2.29203214E8"
"2019/07/16","674.42","-0.37","-0.05","675.67","679.69","672.77","824277.0","4586564.0","2.31884531E8"
"2019/07/15","674.79","-6.38","-0.94","682.36","682.36","671.71","715663.0","4212000.0","2.3185926E8"
"2019/07/12","681.17","4.08","0.60","677.87","682.65","673.76","735656.0","4135928.0","2.34104173E8"
"2019/07/11","677.09","10.19","1.53","669.98","677.11","668.42","791145.0","4152967.0","2.32180144E8"
"2019/07/10","666.90","9.10","1.38","662.30","670.68","660.62","774833.0","3861176.0","2.28676544E8"
"2019/07/09","657.80","-10.92","-1.63","670.76","675.09","657.77","879149.0","4125586.0","2.25546659E8"
"2019/07/08","668.72","-25.45","-3.67","691.97","691.97","668.72","766599.0","4249618.0","2.29212801E8"
"2019/07/05","694.17","2.90","0.42","692.86","694.39","686.93","729813.0","4048011.0","2.37965632E8"
"2019/07/04","691.27","-1.77","-0.26","693.96","694.63","682.73","763517.0","4132923.0","2.36950137E8"
"2019/07/03","693.04","-3.21","-0.46","697.68","698.89","689.86","676299.0","3979383.0","2.37389806E8"
"2019/07/02","696.25","0.25","0.04","695.80","699.44","693.19","696446.0","4052250.0","2.38565439E8"
"2019/07/01","696.00","5.47","0.79","696.38","697.97","692.76","734433.0","5156354.0","2.3845883E8"
"2019/06/28","690.53","-7.68","-1.10","698.63","700.42","687.29","784770.0","4241075.0","2.36405674E8"
"2019/06/27","698.21","-11.16","-1.57","711.18","713.14","694.53","909979.0","5131838.0","2.39089173E8"
"2019/06/26","709.37","-0.65","-0.09","710.15","713.57","706.44","981441.0","4747048.0","2.42791007E8"
"2019/06/25","710.02","-7.67","-1.07","719.03","720.06","707.64","1058008.0","4875711.0","2.42887154E8"
"2019/06/24","717.69","-4.95","-0.68","725.04","725.05","717.22","923986.0","3717770.0","2.45347009E8"
"2019/06/21","722.64","-4.68","-0.64","729.20","729.20","721.96","1100647.0","4380846.0","2.46991457E8"
"2019/06/20","727.32","9.61","1.34","719.54","727.34","719.31","1004460.0","4056679.0","2.48571464E8"
"2019/06/19","717.71","2.85","0.40","721.66","722.66","714.98","979443.0","4250538.0","2.45237583E8"
"2019/06/18","714.86","-4.27","-0.59","721.25","723.79","713.17","1047010.0","4899676.0","2.4417412E8"
"2019/06/17","719.13","-3.12","-0.43","723.52","723.90","718.62","757970.0","3994985.0","2.45470963E8"
"2019/06/14","722.25","-4.43","-0.61","729.39","729.39","721.44","843435.0","4627884.0","2.46460312E8"
"2019/06/13","726.68","2.36","0.33","724.57","730.86","721.87","839461.0","4977454.0","2.47960685E8"
"2019/06/12","724.32","-4.47","-0.61","729.06","729.06","721.91","724081.0","3997841.0","2.4717366E8"
"2019/06/11","728.79","7.65","1.06","723.61","728.79","722.51","897026.0","4195981.0","2.48217445E8"
"2019/06/10","721.14","4.61","0.64","721.12","721.50","717.08","763021.0","4071223.0","2.45587312E8"
"2019/06/07","716.53","8.78","1.24","711.77","716.56","708.73","723224.0","4016298.0","2.43722653E8"
"2019/06/05","707.75","5.22","0.74","709.07","710.11","706.76","616916.0","4063891.0","2.4072209E8"
"2019/06/04","702.53","5.03","0.72","699.12","702.53","697.20","657096.0","3857152.0","2.38838423E8"
"2019/06/03","697.50","1.03","0.15","693.26","698.35","691.80","643045.0","3581779.0","2.37193624E8"
"2019/05/31","696.47","7.14","1.04","688.70","699.40","687.71","642145.0","3498743.0","2.36882568E8"
"2019/05/30","689.33","-2.14","-0.31","692.60","696.45","685.31","669463.0","3953388.0","2.33627783E8"
"2019/05/29","691.47","-11.29","-1.61","699.12","699.53","689.90","849782.0","4522971.0","2.34288964E8"
"2019/05/28","702.76","13.09","1.90","691.55","702.76","690.78","723962.0","4538621.0","2.41316089E8"
"2019/05/27","689.67","-0.36","-0.05","692.06","696.30","684.07","782619.0","4313687.0","2.37021266E8"
"2019/05/24","690.03","-6.86","-0.98","694.02","696.75","686.72","862121.0","4387036.0","2.37063635E8"
"2019/05/23","696.89","-10.04","-1.42","707.74","707.95","696.88","902830.0","4643652.0","2.39395673E8"
"2019/05/22","706.93","2.95","0.42","709.38","710.46","702.25","723704.0","4221779.0","2.42883735E8"
"2019/05/21","703.98","1.90","0.27","701.83","708.16","700.00","792044.0","4390984.0","2.41890926E8"
"2019/05/20","702.08","-12.05","-1.69","717.12","719.57","701.76","733169.0","3770628.0","2.41215213E8"
"2019/05/17","714.13","-3.46","-0.48","723.94","727.56","713.94","783635.0","4587780.0","2.4532835E8"
"2019/05/16","717.59","-12.01","-1.65","731.09","731.78","716.68","911753.0","4878493.0","2.46284375E8"
"2019/05/15","729.60","19.44","2.74","714.94","729.63","713.49","859428.0","4941191.0","2.50301185E8"
"2019/05/14","710.16","1.36","0.19","698.86","714.80","698.30","1072271.0","5055505.0","2.43734206E8"
"2019/05/13","708.80","-13.82","-1.91","722.19","724.78","708.77","916425.0","4537677.0","2.43264157E8"
"2019/05/10","722.62","-1.60","-0.22","726.06","729.84","712.15","916496.0","4200842.0","2.48036569E8"
"2019/05/09","724.22","-21.15","-2.84","746.96","747.96","722.60","992089.0","4603641.0","2.48970985E8"
"2019/05/08","745.37","-8.08","-1.07","745.86","751.55","745.36","922683.0","4239485.0","2.56173388E8"
"2019/05/07","753.45","-8.37","-1.10","751.26","757.97","749.27","728048.0","3645776.0","2.5880678E8"
"2019/05/03","761.82","1.44","0.19","761.13","762.72","758.42","701321.0","3753455.0","2.6129152E8"
"2019/05/02","760.38","5.64","0.75","753.51","760.94","753.43","779402.0","4247855.0","2.60784601E8"
"2019/04/30","754.74","4.14","0.55","751.40","755.11","746.42","671042.0","3769023.0","2.58788699E8"
"2019/04/29","750.60","9.60","1.30","744.01","750.60","742.43","754662.0","3228088.0","2.57339065E8"
"2019/04/26","741.00","-9.43","-1.26","748.30","750.23","739.84","865152.0","3788916.0","2.54021603E8"
"2019/04/25","750.43","-7.39","-0.98","757.64","757.64","750.43","946890.0","4328695.0","2.57052035E8"
"2019/04/24","757.82","-3.60","-0.47","765.00","765.02","755.93","886600.0","4453438.0","2.59580233E8"
"2019/04/23","761.42","-0.59","-0.08","763.58","764.48","756.77","895101.0","4169425.0","2.60579136E8"
"2019/04/22","762.01","-0.56","-0.07","764.37","767.02","760.02","691821.0","3677725.0","2.60715132E8"
"2019/04/19","762.57","9.05","1.20","757.42","762.95","757.35","773546.0","3805306.0","2.60935317E8"
"2019/04/18","753.52","-13.37","-1.74","767.74","767.85","751.59","904450.0","4815044.0","2.57721056E8"
"2019/04/17","766.89","1.87","0.24","766.70","768.43","765.36","1063545.0","4967478.0","2.62126285E8"
"2019/04/16","765.02","-1.73","-0.23","767.59","767.73","758.69","979257.0","4776286.0","2.61543433E8"
"2019/04/15","766.75","-1.10","-0.14","770.63","770.66","765.62","951956.0","4783660.0","2.61996783E8"
"2019/04/12","767.85","1.36","0.18","765.60","769.09","762.99","926529.0","4342635.0","2.61987812E8"
"2019/04/11","766.49","6.34","0.83","762.15","766.56","762.13","760874.0","4329712.0","2.61317478E8"
"2019/04/10","760.15","3.34","0.44","755.73","760.15","754.05","744528.0","4692968.0","2.58999547E8"
"2019/04/09","756.81","4.89","0.65","753.72","756.92","749.87","836573.0","4701168.0","2.57772264E8"
"2019/04/08","751.92","0.21","0.03","755.32","756.16","750.02","762374.0","4321666.0","2.56229805E8"
"2019/04/05","751.71","0.13","0.02","752.28","753.97","748.79","788494.0","4273410.0","2.56131503E8"
"2019/04/04","751.58","2.28","0.30","750.90","753.39","746.29","879690.0","4359673.0","2.5616128E8"
"2019/04/03","749.30","9.73","1.32","741.76","749.30","740.73","807521.0","4220278.0","2.55220562E8"
"2019/04/02","739.57","2.76","0.37","740.94","740.94","737.18","955940.0","4106382.0","2.51856567E8"
"2019/04/01","736.81","7.50","1.03","731.50","737.69","729.74","704757.0","3592042.0","2.51172763E8"
"2019/03/29","729.31","9.59","1.33","723.64","729.31","714.53","779262.0","4081059.0","2.49257414E8"
"2019/03/28","719.72","-8.73","-1.20","727.70","728.56","719.72","695541.0","3893134.0","2.46179611E8"
"2019/03/27","728.45","-8.36","-1.13","739.22","739.22","728.43","748819.0","4137567.0","2.49152888E8"
"2019/03/26","736.81","9.60","1.32","732.76","737.50","729.22","656385.0","3912306.0","2.51389139E8"
"2019/03/25","727.21","-16.76","-2.25","733.51","737.22","726.93","696283.0","4494273.0","2.48283881E8"
"2019/03/22","743.97","0.45","0.06","747.87","748.05","741.03","752366.0","4744195.0","2.54008903E8"
"2019/03/21","743.52","-6.24","-0.83","750.79","753.98","742.03","795564.0","4822787.0","2.53620524E8"
"2019/03/20","749.76","0.85","0.11","750.50","750.50","741.25","880135.0","4838198.0","2.5574207E8"
"2019/03/19","748.91","-4.22","-0.56","757.07","757.88","748.76","984686.0","4713910.0","2.55533877E8"
"2019/03/18","753.13","4.77","0.64","752.15","755.89","748.70","705219.0","4343581.0","2.56965885E8"
"2019/03/15","748.36","-7.06","-0.93","756.82","757.29","743.34","881368.0","5907010.0","2.55342327E8"
"2019/03/14","755.42","0.53","0.07","758.53","762.41","755.42","643981.0","4405718.0","2.57522552E8"
"2019/03/13","754.89","0.13","0.02","755.30","758.90","750.49","797145.0","4981844.0","2.57314387E8"
"2019/03/12","754.76","15.67","2.12","745.76","754.76","745.76","792767.0","5189636.0","2.57319124E8"
"2019/03/11","739.09","3.12","0.42","737.27","739.10","726.11","686954.0","3892937.0","2.5314116E8"
"2019/03/08","735.97","-0.86","-0.12","733.38","739.59","730.42","871229.0","3573382.0","2.52101576E8"
"2019/03/07","736.83","-9.87","-1.32","746.21","750.13","733.49","897293.0","4482811.0","2.52451522E8"
"2019/03/06","746.70","-1.25","-0.17","750.13","750.81","741.68","846994.0","4320270.0","2.55757715E8"
"2019/03/05","747.95","-0.12","-0.02","746.90","751.45","743.80","753414.0","4386457.0","2.56229006E8"
"2019/03/04","748.07","16.82","2.30","739.19","748.87","739.19","707577.0","4184005.0","2.54982915E8"
"2019/02/28","731.25","-20.91","-2.78","753.29","755.92","731.25","1016481.0","5427452.0","2.49196922E8"
"2019/02/27","752.16","5.07","0.68","748.11","752.16","747.16","921722.0","3986164.0","2.56372125E8"
"2019/02/26","747.09","-3.31","-0.44","752.25","753.66","746.12","956644.0","3832204.0","2.54604553E8"
"2019/02/25","750.40","7.02","0.94","746.79","750.93","746.30","735845.0","3701082.0","2.55564177E8"
"2019/02/22","743.38","-3.95","-0.53","747.25","748.11","740.94","965508.0","3920071.0","2.53089831E8"
"2019/02/21","747.33","-3.36","-0.45","752.30","752.75","744.87","956554.0","4334338.0","2.54302733E8"
"2019/02/20","750.69","2.64","0.35","749.52","751.66","747.56","885293.0","4103406.0","2.55424452E8"
"2019/02/19","748.05","2.72","0.36","746.50","748.69","741.20","793917.0","4023712.0","2.53987813E8"
"2019/02/18","745.33","6.67","0.90","743.53","746.81","742.50","734383.0","3422762.0","2.52958778E8"
"2019/02/15","738.66","-3.61","-0.49","741.53","743.20","734.37","737999.0","4103589.0","2.50599992E8"
"2019/02/14","742.27","2.36","0.32","740.69","742.46","737.07","738308.0","3987055.0","2.51780394E8"
"2019/02/13","739.91","9.33","1.28","734.56","740.44","733.37","798623.0","3948426.0","2.50983253E8"
"2019/02/12","730.58","-2.89","-0.39","734.87","735.14","729.52","692220.0","3825195.0","2.47959825E8"
"2019/02/11","733.47","4.73","0.65","731.82","733.94","730.32","704616.0","3822231.0","2.48908062E8"
"2019/02/08","728.74","-0.05","-0.01","726.40","729.74","724.99","736597.0","3648374.0","2.46776515E8"
"2019/02/07","728.79","11.87","1.66","719.86","728.89","717.53","713057.0","3702347.0","2.4673605E8"
"2019/02/01","716.92","0.06","0.01","719.08","719.74","714.66","643316.0","3952424.0","2.42782201E8"
"2019/01/31","716.86","1.56","0.22","719.93","721.58","714.31","684510.0","3771396.0","2.42350257E8"
"2019/01/30","715.30","4.31","0.61","712.87","716.77","711.71","719235.0","3898469.0","2.41788283E8"
"2019/01/29","710.99","-3.27","-0.46","712.65","713.65","705.89","703386.0","3922761.0","2.40178988E8"
"2019/01/28","714.26","2.88","0.40","713.41","717.31","711.96","664267.0","3699906.0","2.41311836E8"
"2019/01/25","711.38","6.97","0.99","705.66","712.67","704.67","631593.0","3816847.0","2.40274364E8"
"2019/01/24","704.41","8.78","1.26","696.97","704.78","696.80","605766.0","3742061.0","2.37779647E8"
"2019/01/23","695.63","1.08","0.16","691.50","697.06","690.91","683156.0","3926609.0","2.34782563E8"
"2019/01/22","694.55","-1.07","-0.15","698.00","698.30","692.45","794374.0","3930137.0","2.34383726E8"
"2019/01/21","695.62","-0.72","-0.10","698.74","698.74","692.95","794340.0","4025978.0","2.34700429E8"
"2019/01/18","696.34","9.99","1.46","690.83","696.34","689.80","819963.0","4437356.0","2.34953392E8"
"2019/01/17","686.35","-7.03","-1.01","694.94","696.21","686.27","862713.0","4591532.0","2.31441899E8"
"2019/01/16","693.38","2.99","0.43","692.72","693.50","687.43","788308.0","3971466.0","2.33791659E8"
"2019/01/15","690.39","7.30","1.07","684.97","691.56","684.32","639018.0","3517054.0","2.32655529E8"
"2019/01/14","683.09","-3.24","-0.47","687.42","687.42","682.54","613343.0","3108915.0","2.30223288E8"
"2019/01/11","686.33","2.99","0.44","686.09","688.01","683.59","701508.0","3570685.0","2.31370185E8"
"2019/01/10","683.34","3.60","0.53","680.61","685.65","678.23","735087.0","3742926.0","2.30368302E8"
"2019/01/09","679.74","11.25","1.68","672.38","681.12","671.95","622018.0","3193835.0","2.29481679E8"
"2019/01/08","668.49","-4.35","-0.65","674.53","675.05","667.01","623518.0","3713728.0","2.25736489E8"
"2019/01/07","672.84","8.35","1.26","672.76","675.31","669.07","584295.0","3211135.0","2.27214009E8"
"2019/01/04","664.49","7.47","1.14","655.62","664.49","648.95","554456.0","3331489.0","2.24484124E8"
"2019/01/03","657.02","-12.35","-1.85","671.98","673.61","656.85","656328.0","3626868.0","2.2193952E8"
"2019/01/02","669.37","-6.28","-0.93","682.16","683.09","667.71","539452.0","3384326.0","2.26172805E8"